cmd,time,loc,pref
오늘 점심 뭐 먹지?,점심,없음,없음
이 근처에 맛있는 집 있어?,없음,없음,없음
여기 근처에서 저녁을 해결해야 하는데 어디로 가지?,저녁,없음,없음
종로3가 쪽에 가성비 좋은 고기집 알려주세요.,없음,종로3가,가성비 좋은 고기집
강남역에서 저녁을 먹을 수 있는 삼겹살 맛집 추천해주세요.,저녁,강남역,삼겹살
공덕역쪽에 밥이랑 술 같이 먹을수 있는 야무진 집 있을까요?,없음,공덕역,없음
신사역 근처에 곱창전골 잘하는곳 없을까요?,없음,신사역,곱창전골
서울시 성동구에서 퓨전 요리를 먹을 수 있는 맛집을 추천해주세요.,없음,서울시 성동구,퓨전 요리
최근에 인기있는 브런치 카페를 추천해주세요.,없음,없음,브런치 카페
대전역 근처에 술을 마실 수 있는 분위기 좋은 바가 있을까요?,없음,대전역,분위기 좋은 술집
한양대학교 근처에서 샌드위치 맛집 있을까요?,없음,한양대학교,샌드위치
오늘 아침에 간단하게 먹을 수 있는 카페 추천해주세요.,아침,없음,브런치 카페
인천에서 점심으로 먹을 맛있는 초밥집을 찾고 있어요. 추천해주세요.,점심,인천,초밥
강원도 속초여행 계획중인데 가볼만한곳 추천해주세요.,없음,강원도 속초,없음
오늘 저녁에 늦게까지 열려 있는 맛집 추천해줘.,저녁,없음,늦게까지 열려 있는 곳
회식을 위한 좋은 레스토랑 추천해주세요.,저녁,없음,회식하기 좋은 곳
근처에 피자 맛있는데 있나?,없음,없음,피자
뭐 먹지?,없음,없음,없음
압구정로데오역 근처에 스테이크 맛있게 하는 가게좀 알려주세요.,없음,압구정로데오역,스테이크
해산물을 먹을 수 있는 맛집이 있을까요?,없음,없음,해산물
용인에서 저녁 먹을 수 있는 분위기 좋은 식당 추천해주세요.,없음,용인,분위기 좋은 식당
왕십리에서 가족과 함께 갈 수 있는 식당 추천해주세요.,없음,왕십리,가족과 함께 갈 수 있어야 함
강남역 주변 맛집 추천해줘.,없음,강남역,없음
5월 12일 점심에 한양대학교 근처에서 뭐 먹을지 골라줘. 느끼한 음식은 싫어.,점심,한양대학교,느끼하지 않은 음식 판매
강남역 근처에서 파스타가 맛있는 곳 추천해주세요.,없음,강남역,파스타
지금 당장 먹을만한거 없나?,없음,없음,없음
이번 주 금요일에 인천에서 소개팅할 분위기 좋은 식당 골라줘.,없음,인천,소개팅하기 좋은 분위기
내일 친구들이랑 술 마시러 가는데 어디가 좋을까?,저녁,없음,없음
가족들이랑 갈만한 인사동 고깃집 추천해주세용~,없음,인사동,가족과 함께 갈 수 있는 고깃집
"소고기 먹고 싶은데, 어디로 가면 좋을까요?",없음,없음,소고기
부산에서 해산물을 먹을 수 있는 맛집을 알고 있나요?,없음,부산,해산물
건대나 성수 근처에 맛있는 국밥집 있을까요?,없음,건대,국밥
"출장 중인데, 이 지역에서 유명한 음식점이 있을까요?",없음,없음,없음
이태원이나 한남동 부근에 와인바 좀 추천해주세요.,없음,이태원,와인바
홍대입구역 근처에 괜찮은 횟집 있으면 추천해주세요.,없음,홍대입구역,횟집
신촌근처에 혼밥하기 좋은 밥집있나요?,없음,신촌,혼밥하기 좋은 장소
"을지로 양식, 한식 맛집 추천 부탁드려요!",없음,을지로,양식 또는 한식
밤늦게까지 먹을 수 있는 야식집 추천해주세요.,저녁,없음,밤늦게까지 운영하는 곳
인천에서 돼지고기 맛집이 있을까요? 추천해주세요.,없음,인천,돼지고기
해장할 겸 아침 먹어야 할것 같은데 어디로 가지?,아침,없음,해장할 수 있는 곳
한양대 근처 매란방이랑 금룡말고 맛있는 짜장면집 있나요?,없음,한양대,중국집
제주도 여행가는데 꼭 가야되는 관광지랑 맛집 추천해주세요.,없음,제주도,없음
요즘 핫한 연남동 맛집 추천해주세요.,없음,연남동,없음
명동맛집추천해주세요!!,없음,명동,없음
잠실 롯데월드몰 안에 마라탕 파는 곳 아시는 분 계신가요?,없음,잠실 롯데월드몰,마라탕
수원 인계동 나혜석거리 이자카야 추천해주세요.,없음,나혜석거리,이자카야
사당역 근처에 양꼬치 무한리필 되는 곳 아시나요?,없음,사당역,양꼬치 무한리필
신림사거리 순대타운 말고 다른 맛집 아는 사람?,없음,신림사거리,순대타운 제외
여의도 한강공원 근처에 치킨 배달 시킬 만한 곳 있니?,없음,여의도 한강공원,치킨 배달
혜화역 근처에 혼자서 먹기 좋은 일식집 추천해주세요.,없음,혜화역,일식
성신여대 근처에 혼술하기 좋은 맥주집 추천해주세요.,없음,성신여대,혼술하기 좋은 맥주집
교대역 부근에 맛있는 횟집 있나요?!,없음,교대역,횟집
서울 근교 드라이브 코스 추천해주세요.,없음,서울,드라이브 코스
성수동에서 친구랑 저녁 먹을건데 어디가 좋을까요?,저녁,성수동,없음
신논현역 쪽에 맛있는 고깃집 있나요?,없음,신논현역,고기
강남역 근처에 혼밥하기 좋은 식당 있나요?,없음,강남역,혼밥 가능한 식당
강남역 근처에 점심으로 혼밥하기 좋은 곳 알려주세요.,점심,강남역,혼밥
서울에서 제일 맛있는 초밥집은 어디인가요?,없음,서울 전역,초밥
강남역 근처에 점심으로 먹을만한 거 추천해줘.,없음,강남역,없음
강남역 주변 점심 먹을만한 곳 알려주세요.,점심,서울 강남역,없음
강남역에서 소개팅 할만한 곳 추천해주세요.,저녁,강남역,소개팅 장소
사당역 괜찮은 술집 추천해 주세요.,저녁,사당역,술집
강남역 주변 분위기 좋은 레스토랑 추천해주세요.,저녁,강남역,분위기 좋은 레스토랑
종각역 근처에 맛집좀 소개시켜주세요~,없음,종각역,없음
강남에서 여자친구랑 데이트하는데 분위기 좋은 레스토랑 추천해줘.,점심,강남,분위기 좋은 레스토랑
부산 해운대쪽 호텔 추천해주세요.,없음,부산 해운대,호텔
이 근처에 괜찮은 식당이 있나요?,없음,없음,없음
혹시 여기 주변에 맛집 있을까요?,없음,없음,없음
강남역 근처의 한식집을 추천해주세요.,점심,강남역,한식
서울에서 맛있는 스테이크를 먹을 수 있는 곳이 어디인가요?,없음,서울,스테이크
홍대입구역 근처 혼밥하기 좋은 곳 알려주세요.,없음,홍대입구역,혼밥하기 좋은 곳
삼성동 코엑스 스타필드 내 혼밥하기 좋은 식당 있나요?,없음,코엑스,혼밥하기 좋은 식당
홍대입구역에서 가까운 술집 어디야?,저녁,홍대입구역,역에서 가까운 곳
강남역 근처의 맛집 알려주세요.,없음,강남역,없음
지금 강남역인데 혼밥할만한 곳 있을까요?,없음,강남역,혼밥 가능한 곳
명동에서 가장 가까운 CGV는 어디인가요?,없음,명동,영화관
분위기 좋은 레스토랑 어디가 좋을까요?,점심,없음,분위기 좋은 레스토랑
"다음주 수요일 저녁에 강남역에서 친구들과 만나기로 했는데, 어디가 좋을까?",없음,강남역,모임장소
내일 친구들이랑 술 마시러 가는데 어디가 좋을까?,저녁,없음,없음
홍대에서 여자친구랑 갈만한 분위기 좋은 레스토랑 알려줘.,없음,홍대입구역,"파스타, 스테이크 등 양식"
홍대입구역에서 가까운 초밥집 알려주세요!,없음,홍대입구역,초밥
강남역 주변에 혼밥하기 좋은 식당 추천해주세요.,없음,강남역,혼밥
강남역근처 맛있는 고깃집 추천해주세요!,없음,강남역,고기
서울에서 가장 맛있는 곱창집은 어디야?,없음,없음,없음
강남역 주변에 맛있는 파스타집 좀 알려줘.,없음,강남역,맛있는 파스타
강남역 근처에 친구들과 함께 갈만한 카페를 추천해주세요.,없음,강남역,친구들과 함께 갈만한 곳
서울 근교로 드라이브 갈 만한 곳 없을까?,없음,서울,없음
홍대에 분위기 좋은 술집 추천해주세요.,저녁,홍대,분위기 좋은 술집
강남역 근처에 분위기 좋은 술집 있나요?,저녁,강남역,분위기 좋은 술집
신촌에 혼밥하기 좋은 곳 알려주세요!,없음,신촌,혼밥
한양대 주변에 괜찮은 술집 좀 알려줘!,저녁,없음,술집
강남역 주변 맛집 추천해주세요.,점심,강남역,없음
강남구청역 주변에 분위기 좋은 카페가 있을까요?,없음,강남구청역,분위기 좋은 카페
제주도 여행지 추천 좀 해주세요!,없음,제주도,여행지
강남역 주변의 괜찮은 식당이 어디가 있을까요?,점심,강남역,없음
강남역 주변에 회식하기 좋은 장소 추천해주세요.,없음,강남역,회식장소
강남역 근처 괜찮은 술집 알려주세요.,저녁,강남역,괜찮음
오늘 점심은 뭘 먹을까요?,점심,을지로,"한식, 중식, 일식 중 하나"
강남역 근처에 분위기 좋은 레스토랑 추천해주세요.,없음,강남역,분위기 좋은 레스토랑
강남역에 여자친구랑 같이 가기 좋은 곳 있나요?,없음,강남역,여자친구와 함께 가야함
고기를 잘 굽는 방법은 무엇인가요?,없음,없음,고기 굽기
오늘 점심은 뭐 먹지?,점심,없음,없음
서울 시내에서 분위기 좋은 레스토랑 추천해주세요.,없음,서울 시내,분위기 좋은 레스토랑
이태원에서 소개팅할건데 분위기 좋고 맛도 괜찮은 레스토랑 추천해줘!,없음,이태원,분위기 좋고 맛도 괜찮은 레스토랑
요즘 유행하는 음식이 뭐야?,없음,없음,없음
서울 근교로 드라이브 갈만한 곳 있나요?,없음,서울,드라이브 코스
홍대입구역 주변에 있는 한식집 추천해주세요.,없음,홍대입구역,한식
강남역 주변에 맛집 추천해주세요.,없음,강남역,없음
서울 근교로 드라이브 갈만한 곳이 있을까요?,없음,서울,드라이브 코스
제주도 여행지 중 꼭 가봐야 하는 곳이 있나요?,없음,제주도,제주도 여행지
건대입구역 근처 괜찮은 술집 알려주세요.,저녁,건대입구역,술집
강남구청역 근처에 맛있는 초밥집이 어디인가요?,없음,강남구청역,맛있는 초밥
"강남에서 소개팅하기로 했는데, 괜찮은 레스토랑 좀 추천해주세요.",없음,강남,소개팅할만한 레스토랑
강남역이나 신논현역 근처에 괜찮은 카페가 있을까요?,없음,강남역,분위기 좋은 카페
저녁메뉴로 뭐가 좋을까?,저녁,서울,없음
강남역에서 점심 먹을만한 곳 추천해주세요.,없음,강남역,없음
이태원에 분위기 좋은 레스토랑 추천해주세요.,저녁,이태원,분위기가 좋아야 함
이 근방에 괜찮은 카페 있을까요?,없음,없음,카페
서울시청 근처의 괜찮은 레스토랑이 있나요?,저녁,서울시청,레스토랑
혹시 건대입구 쪽에 괜찮은 술집 있나요?,저녁,건대입구,분위기 좋은 술집
강남역 근처에서 점심으로 먹기 좋은 곳 추천해주세요.,점심,강남역,없음
서울역 근처에 혼밥하기 좋은 식당 있나요?,없음,서울역,혼밥 가능한 식당
강남역에서 분위기 좋고 조용한 술집 추천해주세요.,저녁,강남역,조용함
강남역에서 여자친구와 데이트 할만한 장소를 찾고 있어요.,없음,강남역,여자친구와 데이트할 만한 장소
강남역 주변에 맛있는 파스타집 좀 알려줄래?,없음,강남역,맛있는 파스타
강남역에서 소개팅할만한 분위기 좋은 레스토랑 추천해주세요.,없음,강남역,소개팅
상수역 근처에서 점심으로 먹을만한 곳 있나요?,없음,상수역,없음
강남역 근처에 혼밥하기 좋은 곳 알려주세요.,없음,강남역,혼밥
강남역에서 가까운 맛있는 고기집 추천해주세요.,점심,강남역,맛있는 고기집
강남구청역 근처 술집 추천 좀 해주세요~,저녁,강남구청역,술집
내일 저녁에 강남역 근처에서 데이트하기 좋은 장소가 있을까요?,저녁,강남역,데이트 코스
강남역 근처에 맛있는 중국집 추천해주세요.,없음,강남역,맛있는 중국집
강남역 주변에 괜찮은 이자카야가 있나요?,없음,강남역,이자카야
홍대입구역 근처에 점심으로 먹기 좋은 백반집 추천해주세요.,점심,홍대입구역,백반
한양대역쪽에 분위기 좋고 맛있는 파스타집 추천해주세요!,없음,한양대학교,분위기 좋고 맛있는 파스타집
노원역에서 제일 가까운 영화관이 어디야?,없음,노원역,가장 가까운 영화관
강남역 주변에 혼자 술 마실만한 곳 있나요?,없음,강남역,혼자 술 마시기 좋은 곳
신촌이나 홍대 쪽에 분위기 좋은 술집 좀 알려주세요~,저녁,신촌,분위기 좋은 술집
오늘 저녁 7시에 신촌에서 먹을만한 것을 추천해줘.,저녁,신촌,없음
홍대에서 소개팅하기 좋은 장소 좀 알려주세요.,없음,홍대,소개팅
서울 시내의 괜찮은 스시집 알려줘.,없음,서울 시내,괜찮은 스시집
강남역 주변에 분위기 좋은 카페를 알고 싶어요.,없음,강남역,분위기 좋은 카페
내일 친구들이랑 술 마시러 가는데 어디가 좋을까?,저녁,없음,없음
여기서 가까운 영화관이 어디야?,없음,없음,영화관
강남역 주변의 맛집을 추천해주세요.,없음,강남역,없음
강남역에서 친구들과 모임할만한 장소가 있을까요?,없음,강남역,지인과의 모임
홍대입구역 근처에 가성비 좋은 파스타집 알려주세요.,없음,홍대입구역,가성비 좋은 파스타집
강남역 주변의 괜찮은 레스토랑을 찾고 있어요.,없음,강남역,괜찮은 레스토랑
여기서 제일 가까운 카페가 어디야?,없음,없음,가장 가까운 카페
이태원에서 가장 맛있는 피자집이 어디인가요?,없음,이태원,피자
강남역 근처에 가성비 좋은 초밥집 있나요?,없음,강남역,가성비 좋은 초밥집
강남역 근처에 가성비 좋은 파스타집 있나요?,없음,강남역,가성비 좋은 파스타
홍대입구역 근처에서 친구들과 술 한잔 할 수 있는 술집 알려주세요.,저녁,홍대입구역,술집
주말에 친구들이랑 홍대 클럽 갈건데 어디가 제일 핫해요?,없음,홍대,가장 핫한 클럽
이 근방에 맛있는 고깃집 있나요?,없음,없음,고기가 맛있어야 함
제주도 여행지 중 사진 찍기 좋은 곳은 어디인가요?,없음,제주도,사진 찍기 좋은 곳
저녁으로 뭐 먹지?,저녁,없음,없음
강남역 주변에 혼자 밥먹기 좋은 곳 알려주세요.,없음,강남역,혼밥
종로3가역 주변에 괜찮은 카페 있나요?,없음,종로3가역,분위기 좋은 카페
홍대에서 분위기 좋은 술집 어디 있을까요?,저녁,홍대,분위기 좋은 술집
건대입구역 주변 분위기 좋은 카페 있나요?,없음,건대입구역,분위기 좋은 카페
홍대입구역 근처에 맛집 좀 알려주세요~,없음,홍대입구역,없음
내일 저녁으로 먹을 만한 거 추천해줘.,저녁,서울,없음
강남역에서 회식하기 좋은 곳 좀 알려주세요!!,없음,강남역,회식장소
점심 먹을건데 어디가 좋을까?,점심,없음,없음
강남역 주변에 분위기 좋은 레스토랑이나 술집 있을까요?,저녁,강남역,"분위기 좋은 레스토랑, 술집"
서울 근교로 드라이브 갈만한 곳을 찾고 있어요. 어디가 좋을까요?,저녁,서울,드라이브
부산에서 해산물을 먹을 수 있는 맛집을 알고 있나요?,없음,부산,해산물
강남역 근처에 혼밥하기 좋은 식당 있나요?,없음,강남역,혼밥
신촌이나 이대쪽에 맛있는 고기집 좀 알려주세요~~,없음,신촌,고기
성수동에 위치한 분위기 좋은 카페 추천해주세요.,없음,성수동,분위기 좋은 카페
강남역 주변에 혼밥하기 좋은 음식점 있나요?,점심,강남역,혼밥 가능한 곳
서울에서 가장 맛있는 빵집은 어디인가요?,없음,서울,빵
강남역 근처에서 점심으로 먹기 좋은 한식집 추천해주세요.,점심,강남역,한식
여기서 가까운곳에 치킨 맛있는 집 있어?,없음,없음,치킨
회사에서 단체로 워크샵 가려고 하는데 장소 좀 추천해줄래?,없음,없음,워크숍
신촌에서 친구들이랑 갈만한 술집 추천해주세요.,저녁,신촌,술집
신촌이나 홍대 쪽에 괜찮은 술집 있나요?,저녁,신촌 홍대,분위기 좋고 맛있는 술집
강남역 근처에 괜찮은 식당 있나요?,없음,강남역,없음
홍대입구역 근처에 분위기 좋은 카페가 어디 있을까요?,없음,홍대입구역,분위기 좋은 카페
이태원의 분위기 좋은 술집 추천해주세요.,저녁,이태원,분위기가 좋아야 함
홍대입구역 근처 분위기 좋은 술집 알려줘.,저녁,홍대입구역,분위기 좋은 술집
홍대입구역 근처에 괜찮은 술집이 어디있을까요?,저녁,홍대입구역,술마시기 좋은 곳
제주도 여행계획중인데 관광지추천해주세요.,없음,제주도,없음
서울 근교로 당일치기 여행 갈 만한 곳 있을까요?,없음,서울,당일치기 여행
홍대입구역에서 제일 가까운 방탈출 카페가 어디야?,없음,홍대입구역,방탈출 카페
여기서 제일 가까운 맛집이 어디야?,없음,없음,없음
강남역이나 신논현역 근처에 맛있는 족발집 추천해주세요!,없음,강남역,족발
홍대입구역 근처 맛집 추천해주세요.,없음,홍대입구역,없음
내일 저녁 메뉴 추천 좀 해주세요~,저녁,없음,저녁메뉴
왕십리 엔터식스 안에 괜찮은 식당 뭐 있어??,없음,왕십리,밥집
강남역 근처의 맛있는 음식점 좀 추천해주세요.,점심,강남역,없음
강남역 맛집 추천해주세요.,없음,강남역,없음
강남역 근처에 맛있는 초밥집이 어디야?,없음,강남역,맛있는 초밥
"내일 저녁 약속 있는데, 어디서 뭘 먹어야 할까요?",저녁,없음,없음
오늘 저녁에 갈만한 맛집 좀 추천해줘.,저녁,없음,없음
강남역에서 회식하기 좋은 곳을 알려주세요.,없음,강남역,회식장소
이태원에서 분위기 좋은 레스토랑이나 카페를 알려주세요.,없음,이태원,"분위기 좋은 레스토랑, 카페"
강남역에서 가까운 분위기 좋은 레스토랑 추천해주세요.,없음,강남역,분위기 좋은 레스토랑
이태원에 분위기 좋은 술집 알려주세요.,저녁,이태원,술집
서울에서 가장 맛있는 중국집은 어디야?,없음,서울,없음
요즘엔 무슨 영화가 재밌나요?,없음,없음,재밌는 영화
서울시청 근처에 맛집 좀 알려주세요.,없음,서울시청,없음
여기서 가장 가까운 편의점이 어디야?,없음,없음,없음
서울역 근처 맛집을 알고 싶어요.,없음,서울역,없음
종로3가 보쌈골목 어디가 맛있나요?,없음,종로3가,보쌈골목
종로3가 쪽으로 회식하기 좋은 곳 있을까요?,없음,종로3가,회식장소
강남역 주변 맛집 좀 알려주세요.,없음,강남역,없음
강남역 주변에 가성비 좋은 맛집 추천해주세요~,없음,강남역,없음
내일 저녁 7시에 강남역 부근에서 여자친구랑 갈만한 레스토랑 찾아줘.,저녁,강남역,여자친구와 함께 가기 좋은 곳
"강남역에서 점심먹을건데, 맛있는곳좀 알려주세요!",점심,강남역,없음
홍대에서 점심으로 먹기 좋은곳 추천해주세요~,점심,홍대,없음
명동에서 혼밥하기 좋은 곳 추천해주세요.,없음,명동,혼밥하기 좋은 곳
강남역 주변에 분위기 좋은 레스토랑 추천해주세요.,없음,강남역,분위기가 좋아야 함
역삼동에 괜찮은 횟집 추천해주세요.,저녁,역삼동,회
내일 아침은 뭘 먹을까요?,아침,없음,없음
여기 어때?,없음,없음,없음
강남역 부근의 맛있는 고깃집을 알려줘.,없음,강남역,고기가 맛있는 식당
강남역 근처의 스테이크 하우스를 추천해주세요.,점심,강남역,스테이크 하우스
여기서 가장 가까운 카페가 어디야?,없음,없음,없음
여기서 가장 가까운 영화관이 어디야?,없음,없음,제일 가까운 영화관
이태원의 분위기 좋은 레스토랑 좀 알려주세요.,없음,이태원,분위기 좋은 레스토랑
오늘 저녁은 뭘 먹을까요?,저녁,서울특별시 종로구,없음
강남역 근처에 분위기 좋은 술집 추천해주세요.,저녁,서울 강남구,분위기 좋은 술집
요즘 유행하는 패션이 무엇인가요?,없음,없음,최신 트렌드
점심 뭐먹지?,점심,없음,없음
이태원에서 유명한 피자집 추천해줘.,없음,이태원,피자
홍대입구역에서 가까운 분위기 좋은 카페 어디 있나요?,없음,홍대입구역,분위기 좋은 카페
이번주 주말에 가족끼리 외식하기 좋은 식당 알려줘.,없음,없음,가족외식
강남역 주변에 괜찮은 카페 있나요?,없음,강남역,커피 마실만한 곳
서울 근교 드라이브 코스 추천해주세요.,없음,서울,드라이브 코스
서울 근교 드라이브 코스 추천해줘!,없음,서울,드라이브 코스
이태원의 괜찮은 칵테일바 추천해주세요.,없음,이태원,칵테일바
"서울 근교로 드라이브를 가려고 하는데, 분위기 좋은 카페가 어디 없을까요?",없음,서울,분위기 좋은 카페
"서울 근교로 드라이브를 가려고 하는데, 분위기 좋은 카페나 식당이 있을까요?",없음,서울,분위기 좋은 카페 또는 식당
점심으로 뭐 먹지?,점심,없음,없음
홍대입구역 근처 맛집좀 알려주세요.,없음,홍대입구역,없음
이태원의 분위기 좋은 레스토랑을 찾아봐 주세요.,저녁,이태원,분위기 좋은 레스토랑
요즘 핫한 가로수길 맛집을 알려주세요.,없음,가로수길,없음
서울에 분위기 좋은 카페 알려주세요.,점심,서울,분위기 좋은 카페
강남역 주변에 주차 가능한 레스토랑 있을까요?,점심,강남역,주차 가능한 레스토랑
한양대 주변 카페 중 공부하기 좋은 곳이 있나요?,없음,한양대학교,공부하기 좋은 장소
강남역 주변에 혼밥하기 좋은 곳 있나요?,없음,강남역,혼밥하기 좋은 곳
강남역 근처에서 점심 먹기 좋은 곳 알려주세요.,점심,강남역,한식 위주
한양대역 주변으로 괜찮은 밥집 있나요?,없음,한양대학교 역,"한식, 일식 등"
압구정로데오에서 분위기 좋은 술집 알려주세요~,저녁,압구정로데오,술집
서울 근교로 드라이브 갈만한 곳 알려주세요.,없음,서울,드라이브 코스
서울대학교병원 근처에 맛집이 있나요?,없음,서울대학교병원,없음
오늘 저녁 뭐 먹지?,없음,없음,저녁 메뉴
홍대에서 분위기 좋고 맛있는 술집 좀 알려줘!,저녁,홍대,"분위기, 맛"
강남역에서 소개팅하기 좋은 레스토랑 추천해주세요.,없음,강남역,소개팅
서울역 근처 맛집 알려줘.,점심,서울역,없음
강남역 주변 맛집 추천해주세요.,점심,강남역,없음
강남역에서 점심으로 먹기 좋은 곳 추천해주세요~,없음,강남역,없음
강남역 주변에 맛있는 술집 추천해주세요.,저녁,강남역,맛있는 술집
지금 홍대인데 어디 갈까?,없음,홍대,갈만한 곳
강남역 쪽에 분위기 좋고 맛있는 파스타집 알려주세요.,점심,강남역,"분위기, 맛"
경기도 수원시에 위치한 카페 중 공부하기 좋은 곳이 있나요?,없음,경기도 수원시,공부하기 좋은 카페
사당역 근처에 괜찮은 술집 좀 알려줘요~,저녁,사당역,괜찮은 술집
강남역이나 역삼역 근처에 괜찮은 횟집 있나요?,없음,강남역,괜찮은 횟집
홍대입구역 근처의 분위기 좋은 레스토랑을 알려주세요.,없음,홍대입구역,분위기 좋은 레스토랑
오늘 점심은 뭐 먹을까요?,점심,없음,없음
강남구청역 주변에 맛있는 파스타집이 어디있나요?,없음,강남구청역,파스타
강남역 주변의 괜찮은 초밥집은 어디일까요?,없음,강남역,초밥
서울역 근처에 맛있는 곳 좀 알려주세요.,없음,서울역,맛잇는 곳
홍대입구역 근처의 맛집을 알려주세요.,없음,홍대입구역,없음
오늘 저녁으로 먹을만한 메뉴 추천해줄래?,없음,없음,없음
서울에서 가까운 바다 어디인가요?,없음,서울,바다
강남역 주변에 괜찮은 레스토랑 좀 알려줘.,없음,강남역,데이트하기 좋은 장소
점심으로 먹기 좋은 음식점 추천해주세요.,점심,없음,식당
혹시 강남쪽에 맛있는 고깃집 아는 곳 있어?,없음,강남구,고기
강남역에서 분위기 좋은 술집 추천해주세요.,저녁,강남역,분위기 좋은 술집
강남역에 분위기 좋은 카페 있나요?,없음,강남역,분위기 좋은 곳
홍대입구역 5번 출구 쪽으로 괜찮은 술집 알려줘.,저녁,홍대입구,술 마시기 좋은 곳
서울 근교로 드라이브 갈 만한 곳이 어디가 있을까요?,없음,서울,드라이브
강남역 주변에 괜찮은 술집 있나요?,저녁,강남역,없음
서울에서 제일 맛있는 떡볶이 집은 어디인가요?,없음,서울,떡볶이
사당역 근처에 양꼬치 무한리필 되는 곳 아시나요?,없음,사당역,양꼬치 무한리필
강원도 속초여행 계획중인데 가볼만한곳 추천해주세요.,없음,강원도 속초,없음
강남역 주변에 분위기 좋은 레스토랑이나 카페가 있나요?,점심,강남역,분위기 좋은 레스토랑 또는 카페
건대입구쪽에 괜찮은 술집 있어?,저녁,건대입구,술을 마실 수 있는 곳
여자친구와 데이트하기 좋은 장소 추천해주세요.,없음,서울,데이트 코스
강남역 주변의 분위기 좋은 레스토랑 좀 알려줘.,없음,강남역,분위기 좋은 레스토랑
오늘 저녁 뭐 먹지?,없음,없음,없음
오늘 저녁은 뭐 먹지?,저녁,없음,미정
강남역 근처 맛있는 고기집 추천해주세요~,없음,강남역,맛있는 고기집
가로수길 카페 추천해주세요~,없음,가로수길,카페
홍대입구역 근처에 혼밥하기 좋은 곳 알려주세요.,없음,홍대입구역,혼밥하기 좋은 곳
지금 내가 어디게?,없음,없음,없음
홍대나 합정 쪽에 조용한 카페가 있을까요?,없음,홍대,조용한 카페
성신여대 근처에 혼술하기 좋은 맥주집 추천해주세요.,없음,성신여대,혼술하기 좋은 맥주집
혹시 오늘 저녁 같이 드실래요?,없음,없음,없음
신촌에서 혼밥하기 좋은곳 있나요?,없음,신촌,혼밥
저녁으로 뭘 먹으면 좋을까?,없음,없음,없음
친구들이랑 호캉스 가려고 하는데 어디가 좋을까요?,없음,없음,호텔
강남역 주변에 소개팅할만한 곳 있나요?,없음,강남역,소개팅
종로쪽에 괜찮은 술집 있을까요?,저녁,종로구,술마시기 좋은 곳
강남역 주변에 맛있는 고기집 있나요?,점심,강남역,고기가 맛있는 집
강남역에서 가까운 곳으로 맛집을 알려주세요.,없음,강남역,없음
오늘 저녁은 뭐 먹지?,저녁,없음,없음
홍대입구역 근처에 혼밥하기 좋은 곳 있나요?,없음,홍대입구역,혼밥하기 좋은 장소
강남역 근처 혼밥하기 좋은 음식점 추천해주세요.,점심,강남역,혼밥 가능한 곳
서울 근교 드라이브 코스 추천해줘.,없음,서울,드라이브 코스
홍대입구역 근처 맛집 추천해주세요.,없음,홍대입구역,없음
홍대입구역 주변에 괜찮은 카페가 있을까요?,없음,홍대입구역,카페
홍대근처에 괜찮은 초밥집있나요?,없음,홍대입구역,초밥
가로수길에서 분위기 좋은 레스토랑 추천해주세요.,없음,가로수길,분위기 좋은 레스토랑
건대입구쪽에 맛집 추천해주세요!,없음,건대입구,없음
혹시 여기서 가까운 곳에 괜찮은 카페 있나요?,없음,없음,주변에 위치한 카페
강남역 주변의 한식집 추천해 주세요.,없음,강남역,한식
분위기 좋은 카페를 찾고 있어요.,없음,없음,분위기 좋은 카페
강남역 주변에 맛있는 파스타집 있나요?,없음,강남역,맛있는 파스타
강남역 주변에 혼자서 밥 먹을만한 곳이 어디있을까요?,없음,강남역,혼밥 가능한 식당
건대 주변에 가성비 좋은 초밥집이 어디야?,없음,건대,가성비 좋은 초밥집
홍대입구역 쪽에 괜찮은 술집 추천해줘.,저녁,홍대입구역,맛있는 안주가 있는 술집
강남역 근처에 와인과 함께 식사할 수 있는 곳이 있나요?,없음,강남역,와인
서울역 근처에 분위기 좋은 카페가 있나요?,없음,서울역,분위기 좋은 카페
서울 근교로 드라이브 갈만한 곳이 있을까요?,없음,없음,드라이브
"제주도 여행을 가려고 하는데, 숙소는 어디가 좋을까요?",없음,제주도,숙소
이태원에서 점심으로 파스타를 먹을 수 있는 곳이 있을까요?,점심,이태원,파스타
이번 주말에 뭐하지?,없음,없음,없음
강남역 근처 혼밥하기 좋은 식당 추천해주세요.,점심,강남역,혼밥
강남역 주변에 분위기 좋은 카페가 어디있을까요?,없음,강남역,분위기 좋은 카페
서울시립대 근처에 맛있는 집이 어디야?,없음,서울시립대,없음
저녁으로 먹기 좋은 곳 추천해 주세요!,저녁,없음,없음
홍대쪽에 마라탕이나 훠궈 괜찮은데 추천해주세요!,없음,홍대,"마라탕, 훠궈"
신림역 근처에 가성비 좋은 술집 추천해주세요.,저녁,신림역,가성비 좋은 술집
"지금 강남역 쪽으로 가고 있는데, 저녁 먹을만한 곳 추천해주세요.",없음,강남역,없음
홍대에서 가장 맛있는 치킨집은 어디인가요?,없음,홍대입구역,치킨
강남역 근처 카페 좀 알려주세요!,없음,강남역,카페
이태원 클럽 어디가 핫하니?,없음,이태원,클럽
신사역 근처에서 저녁으로 먹기 좋은 식당을 추천해주세요.,저녁,신사역,없음
홍대나 신촌쪽에 괜찮은 파스타 집이 있나요?,점심,홍대,파스타
강남역 근처에 맛있는 삼겹살집 알려줘요.,점심,강남역,삼겹살
오늘은 뭐 먹지?,없음,없음,없음
강남구청역 근처에 점심식사로 괜찮은 맛집 추천해 주세요.,점심,강남구청역,없음
강남역에서 소개팅하기 좋은 맛집 추천해주세요.,없음,강남역,없음
서울이나 경기도 근교 여행지 추천해주세요~,없음,서울 경기도,여행지
서울 근교로 드라이브 갈만한 곳 있나요?,없음,서울,드라이브 코스
왕십리역 근처의 분위기 좋은 카페 알려줘.,없음,왕십리역,분위기 좋은 카페
건대입구역 주변에 혼밥하기 좋은 곳 추천해 주세요.,없음,건대입구역,혼밥
분당 정자동 카페거리 맛집 알려주세요.,없음,정자동 카페거리,없음
압구정로데오나 청담 쪽에 분위기 좋은 카페 있을까요?,없음,압구정로데오,분위기 좋은 카페
서울역에서 기차타고 갈만한 곳 있나요?,없음,서울역,기차여행
강남역 주변에 괜찮은 술집 추천해주세요~!!,저녁,강남역,술 마시기 좋은 장소
강남역 근처에 맛있는 초밥집 알려줘.,없음,강남역,맛있는 초밥집
서울시 종로구 쪽에 괜찮은 한정식집 있나요?,없음,서울시 종로구,한정식
오늘 저녁으로 먹을만한 것좀 추천해줘.,저녁,없음,없음
강남역 근처에서 간단하게 식사할 만한 곳은 어디가 좋을까요?,점심,강남역,간단한 식사
지금 당장 먹을만한거 없나?,없음,없음,없음
강남역에서 가까운 술집 추천해주세요~,저녁,강남역,술
서울에서 가장 맛있는 곱창집은 어디인가요?,없음,없음,곱창
홍대입구역 근처에서 맛있는 피자집을 알려주세요.,없음,홍대입구역,피자
종로에 맛집 좀 알려주세요!,없음,종로,없음
요즘 핫한 수제버거집이 어디인가요?,없음,없음,수제버거 맛집
점심으로 간단하게 먹고 싶은데 어디가 좋을까?,점심,없음,간단한 식사
왕십리역 근처의 괜찮은 카페가 있나요?,없음,왕십리역,카페
건대입구에서 소개팅할만한 장소 있을까요?,없음,건대입구,소개팅
내일 아침으로 뭘 먹을까?,아침,없음,없음
주말에 친구들이랑 놀러갈건데 서울 근교로 여행지 추천해주세요.,없음,서울,없음
부산으로 2박 3일 여행을 가려고 합니다. 숙소는 해운대쪽입니다. 일정 좀 짜주세요.,없음,부산,1일차-2일차-3일차 순으로 코스를 정리하여 보여줌
삼성역 근처 맛있는 중국집 있나요?,점심,삼성역,중국음식
점심으로 뭐 먹을까?,점심,없음,없음
한양대 앞 분위기 좋은 술집 있나요?,저녁,한양대학교,분위기 좋은 술집
홍대에서 여자친구랑 데이트 하기 좋은곳 있나요?,없음,홍대,데이트
강남구청역 근처에 맛집 있나요?,없음,강남구청역,없음
강남역 맛집 알려주세요~,없음,강남역,없음
강남역 근처에 혼밥하기 좋은 곳 좀 알려주세요.,없음,강남역,혼밥
점심으로 먹기 좋은 음식점 추천해주세요.,점심,없음,없음
이태원쪽에 분위기 좋은 레스토랑이나 카페를 알고 싶어요.,없음,이태원,"분위기 좋은 레스토랑, 카페"
지금 뭐 먹지?,점심,없음,없음
강남역 근처에 맛있는 파스타집 추천해주세요.,없음,강남역,맛잇는 파스타집
강남역에서 가까운 곳으로 분위기 좋은 레스토랑 추천해주세요~,점심,강남역,분위기 좋은 레스토랑
강남역 근처에 분위기 좋은 카페 추천해주세요.,없음,강남역,분위기 좋은 카페
오늘 점심은 뭐 먹지?,점심,없음,없음
강남역 주변에 싸고 맛있는 초밥집 없나요?,없음,강남역,싸야함
서울에 분위기 좋은 레스토랑 어디가 좋을까요?,없음,서울,분위기
강남역에서 소개팅 하기 좋은 장소는 어디인가요?,없음,강남역,소개팅
이태원이나 경리단길 쪽에 분위기 좋은 술집 좀 알려줘.,저녁,이태원,분위기 좋은 술집
강남역에서 친구들이랑 놀기로 했는데 맛집 추천해주세요.,없음,강남역,없음
왕십리역 주변에 혼자 밥먹을 만한 곳이 어디있을까요?,점심,왕십리역,혼밥
강남역 주변에 분위기 좋은 레스토랑 추천해줘.,저녁,강남역,분위기 좋은 레스토랑
왕십리 맛집 알려주세요!,없음,왕십리,없음
점심으로 먹기 좋은 음식점 추천해주세요.,점심,없음,없음
친구들과 함께 갈만한 분위기 좋은 레스토랑 추천해주세요.,점심,없음,분위기 좋은 곳
"이번 주말에 친구들이랑 놀러가기로 했는데, 서울 근교에서 갈만한 곳이 어디있을까요?",없음,서울,놀만한 곳
오늘 점심은 뭘 먹을까?,점심,없음,없음
서울 근교로 드라이브 갈건데 분위기 좋은 카페 추천해주세요.,없음,경기도 파주,커피가 맛있는 곳
강남역 근처에 괜찮은 술집 좀 알려줘!,저녁,강남역,괜찮은 술집
서울 근교로 드라이브 갈만한 곳 있을까요?,없음,서울,드라이브
요즘 핫한 맛집이 어디인가요?,없음,없음,없음
홍대입구역 근처에 분위기 좋은 술집 추천해줘!,저녁,홍대입구역,분위기 좋은 술집
강남역에서 소개팅하기 좋은 레스토랑 추천해주세요.,없음,강남역,레스토랑
강남역에서 점심으로 혼밥하기 좋은 식당 추천해주세요.,점심,강남역,혼밥 가능한 곳
건대입구역 근처에서 점심으로 먹기 좋은 식당 알려주세요~,점심,건대입구역,없음
명동 맛집 알려주세요!,없음,명동,없음
내일 저녁은 뭘 먹을까?,저녁,없음,없음
여자친구랑 데이트하는데 오늘은 뭐 먹을까?,점심,홍대입구역,없음
서울에서 맛있는 디저트를 파는 카페는 어디일까요?,없음,없음,디저트
"내일 점심으로 강남역 근처에서 파스타 먹으려고 하는데, 괜찮은 곳 있어?",점심,강남역,파스타
신촌역 근처에 혼밥하기 좋은 식당 알려주세요.,없음,신촌역,혼밥하기 좋은 식당
"이번에 여자친구랑 1주년인데, 분위기 좋은 레스토랑 없을까?",없음,없음,분위기 좋은 레스토랑
홍대입구역 주변에 맛집이 뭐가 있을까요?,점심,홍대입구역,없음
서울의 유명한 맛집 알려주세요.,없음,서울특별시,없음
서울역 근처 맛집 추천해주세요.,없음,서울역,없음
홍대입구역 근처에 가성비 좋은 초밥집 있나요?,없음,홍대입구역,가성비 좋은 초밥집
오늘 저녁은 뭐 먹지?,없음,서울,없음
강남역 맛집 알려주세요!,없음,강남역,없음
서울에서 가장 유명한 음식점이 어디야?,없음,서울,제일 유명한 식당
강남역 근처에서 소개팅하기 좋은 레스토랑 추천해주세요!,없음,강남역,"소개팅, 분위기"
홍대입구역 근처에 혼자서 술 마실 만한 곳 있나요?,저녁,홍대입구역,혼술
강남역에서 소개팅할 건데 분위기 좋고 맛있는 레스토랑 추천해줘.,없음,강남역,없음
강남역 주변에 분위기 좋은 레스토랑 추천해주세요.,없음,강남역,레스토랑
서울역 주변에 괜찮은 레스토랑 있나요?,없음,서울역,없음
이태원에서 점심을 먹을 수 있는 브런치 맛집 추천해주세요.,점심,이태원,브런치
강남역에 분위기 좋은 술집 알려주세요!,저녁,강남역,분위기 좋은 술집
강남역 근처의 분위기 좋은 레스토랑 추천해 주세요.,점심,강남역,분위기 좋은 레스토랑
강남역 주변에 괜찮은 술집 좀 알려줘.,저녁,강남역,분위기 좋은 술집
홍대입구역 근처의 저렴한 술집 알려줘.,저녁,홍대입구역,저렴
부산에 놀러왔는데 회를 먹으려고 합니다. 어디가 좋을까요?,없음,부산,회
성수역 주변에 분위기 좋은 카페가 있을까요?,없음,성수역,분위기 좋은 카페
신사동 가로수길 카페 추천 좀 해주세요~,없음,신사동 가로수길,카페
홍대입구역 근처에 분위기 좋은 술집 있나요?,저녁,홍대입구역,분위기 좋은 술집
강남구청역 근처에 맛집 좀 알려주세요~,없음,강남구청역,없음
오늘 저녁 뭐먹지?,없음,없음,없음
강남역에서 소개팅하기 좋은 레스토랑 있을까요?,없음,강남역,소개팅 장소
오늘 저녁 메뉴로 뭘 먹으면 좋을까요?,없음,없음,없음
오늘 점심은 뭘 먹을까요?,없음,없음,없음
홍대입구역 근처에 괜찮은 이자카야 있나요?,없음,홍대입구역,이자카야
강남역 근처에 맛있는 초밥집 있나요?,없음,강남역,맛있는 초밥집
이태원동 주변에 혼밥하기 좋은 식당 알려줘.,없음,이태원동,혼밥
강남역 주변에서 소개팅할만한 장소 있을까요?,없음,강남역,소개팅
가로수길 카페 중 분위기 좋고 조용한 곳 추천해주세요.,없음,가로수길,조용함
건대쪽에 맛있는 중국집 있어?,없음,건대근처,중국집
이번주 주말에 친구들이랑 놀러갈건데 서울 근교로 갈만한 곳 있나요?,없음,서울,없음
강남에서 제일 맛있는 고깃집 추천 좀 해주세요!,없음,강남,고기
강남구청역 근처에 맛있는 브런치 집 있나요?,없음,강남구청역,브런치
강남역 근처의 맛있는 곱창집 알려주세요!,없음,강남역,곱창
집에서 간단히 해먹을 수 있는 요리 레시피 좀 알려주세요.,없음,없음,간단한 요리 레시피
점심 뭐 먹지?,점심,없음,없음
서울 근교로 놀러갈 만한 곳 있나요?,없음,서울,여행지
강남역 근처에 맛있는 고깃집 좀 알려주세요~,없음,강남역,고기
홍대입구역 근처에 가성비 좋은 초밥집 있나요?,없음,홍대입구역,가성비 좋은 초밥집
건대 근처 맛집 좀 알려주세요!,없음,건대입구역,없음
점심에 뭐 먹지?,점심,없음,없음
오늘 저녁 메뉴는 무엇인가요?,저녁,없음,없음
서울 근교에 드라이브 할 만한 곳 추천해주세요.,없음,서울,드라이브
압구정로데오에 분위기 좋은 술집 알려주세요~,저녁,압구정로데오,술집
여기서 가까운 식당이 어디야?,없음,없음,없음
부산 여행지 추천해주세요.,없음,부산,없음
지금 어디야?,없음,없음,위치 정보
서울에서 제일 맛있는 라멘집은 어디인가요?,없음,서울,라멘
제주도에서 맛있는 횟집 좀 추천해주세요.,없음,제주도,횟집
홍대에서 저녁으로 먹을 만한 거 추천해주세요!,저녁,홍대,없음
강남역 주변에 혼밥하기 좋은 곳 있나요?,없음,강남역,혼밥
건대입구역 근처에서 점심먹을만한 곳 있을까요?,없음,건대입구역,없음
홍대입구역 근처에 데이트하기 좋은 카페 있나요?,없음,홍대입구역,데이트하기 좋은 카페
홍대에 줄서서 먹는 떡볶이집 이름이 뭐였지?,없음,홍대,줄서서 먹는 떡볶이집
제가 원하는 조건에 맞는 장소를 찾아주세요.,없음,없음,없음
홍대입구역 근처에 분위기 좋은 카페 추천해주세요~,없음,홍대입구역,카페
맛있는 치킨집을 찾고 있어요.,저녁,없음,치킨집
이태원에서 혼밥할만한곳있나요?,없음,이태원,혼밥 가능한 곳
홍대에 분위기 좋은 카페 있나요?,없음,홍대,분위기 좋은 카페
강남역에서 데이트하기 좋은 곳 있을까요?,없음,강남역,데이트 장소
한양대 근처 매란방이랑 금룡말고 맛있는 짜장면집 있나요?,없음,한양대,중국집
점심으로 먹기 좋은 메뉴 추천해주세요.,점심,없음,없음
가로수길에서 소개팅할건데 괜찮은 장소 있을까요?,없음,신사동 가로수길,소개팅
오늘 뭐 먹지?,없음,없음,없음
홍대입구역 주변에 점심으로 먹기 좋은 곳 추천해주세요.,없음,홍대입구역,없음
오늘 저녁에 친구들이랑 갈만한 맛집을 찾아줘.,저녁,서울,"회식, 모임 장소"
요즘 핫한 클럽을 추천해주세요.,없음,없음,클럽
오늘 점심은 뭘 먹을까요?,없음,없음,없음
강남역 근처에 분위기 좋은 카페 있나요?,없음,강남역,분위기 좋은 카페
강남역 근처에 괜찮은 식당 좀 알려주세요.,없음,강남역,없음
홍대입구역 근처 조용하고 예쁜 카페 추천해주세요.,없음,홍대입구역,조용한 카페
홍대입구역 근처에 분위기 좋은 카페 있나요?,없음,홍대입구역,분위기 좋은 카페
서울 근교에 드라이브 갈 만한 곳이 있을까요?,없음,서울,드라이브
강남역 근처에 있는 고깃집 중에 가장 가성비가 좋은 곳은 어디인가요?,저녁,강남역,가성비 고깃집
강남구청역 근처에 혼밥하기 좋은 식당이 있나요?,없음,강남구청역,혼밥
부산 서면쪽에 맛있는 파스타집 있나요?,없음,부산 서면,파스타
저녁으로 뭘 먹으면 좋을까요?,저녁,없음,없음
홍대입구역 근처에 혼밥하기 좋은 식당이 있을까요?,없음,홍대입구역,혼밥
강남역 주변의 가성비 좋은 식당 알려주세요.,없음,강남역,가성비
강남역 근처에서 혼밥하기 좋은곳 있나요?,없음,강남역,혼밥
강남역 근처에서 소개팅할 만한 장소 좀 추천해주세요.,없음,강남역,소개팅 할 만한 장소
"홍대, 합정, 상수 쪽에 분위기 좋은 레스토랑이 있나요?",없음,홍,레스토랑
강남역이나 역삼역 주변에 혼밥하기 좋은 식당 있나요?,없음,강남역,혼밥
강남역에서 가까운 분위기 좋은 카페 알려주세요!,점심,강남역,분위기 좋은 카페
강남역 주변에 괜찮은 술집 있나요?,저녁,강남역,술집
서울에서 제일 맛있는 족발집은 어디인가요?,없음,서울,가장 맛있는 족발집
강남역 주변의 맛집을 알려주세요.,없음,강남역,없음
가성비 좋은 스테이크 집 있나요?,점심,강남역,가성비 좋은 스테이크
강남역 근처 맛집 알려줘!,없음,강남역,없음
요즘 유행하는 맛집이 어디야?,없음,없음,없음
강남역 주변의 한식집 추천해주세요.,없음,강남역,한식
강남역 주변에 괜찮은 술집 좀 알려주세요.,저녁,강남역,괜찮은 술집
제주도 여행가는데 가볼만한 곳 있나요?,없음,제주도,관광지
"강남역에서 점심을 먹으려고 하는데, 괜찮은 곳이 있을까요?",없음,강남역,없음
친구들과 함께 갈만한 분위기 좋은 식당 알려주세요.,점심,강남역,분위기 좋은 곳
역삼역 근처에 혼밥하기 좋은 식당 있나요?,없음,역삼역,혼밥
점심에 먹기 좋은 음식점 알려주세요.,점심,없음,없음
홍대에서 소개팅할만한 장소를 추천해주세요.,없음,홍대입구역,소개팅하기 좋은 곳
강남역에서 분위기 좋고 맛있는 파스타집 있나요?,점심,강남역,분위기 좋고 맛있는 파스타집
강남역 근처에 맛있는 고깃집 좀 알려줘!,없음,강남역,고기
점심으로 먹기 좋은 음식점을 추천해주세요.,점심,없음,없음
오늘 저녁 뭐 먹지?,없음,없음,저녁 메뉴
강남역 근처에 맛있는 피자집이 있나요?,없음,강남역,맛있는 피자집
서울 근교로 드라이브 할 만한 곳 있나요?,없음,서울,드라이브
강남역에서 가까운 분위기 좋은 레스토랑 추천해줘.,점심,강남역,분위기 좋은 레스토랑
종로3가 주변에 맛집 좀 알려주세요~,없음,종로3가,없음
홍대에서 친구랑 밥 먹을건데 어디가 좋을까요?,점심,홍대,없음
홍대입구역 근처 혼밥할 만한 곳 알려주세요!,없음,홍대입구역,혼밥 가능한 식당
요즘 핫한 맛집을 알려주세요.,없음,없음,없음
서울에서 데이트하기 좋은 장소 추천해주세요.,없음,서울,데이트 코스
강남역 근처에 분위기 좋은 레스토랑 있나요?,저녁,강남역,분위기 좋은 레스토랑
강남역 근처에 분위기 좋고 맛도 좋은 레스토랑을 알고 싶어요.,저녁,강남역,"분위기, 맛"
강남구청역 주변에 점심 먹을만한 곳 있나요?,없음,강남구청역,없음
강남역 주변 맛집 알려주세요.,점심,강남역,없음
강남역 근처에서 소개팅하기 좋은 곳은 어딜까요?,없음,강남역,소개팅 장소
건대입구 쪽에 있는 맛있는 라멘집 알려주세요!,없음,건대입구 역,맛있는 라멘집
오늘 저녁은 뭘 먹을까요?,없음,없음,없음
강남역 근처에 괜찮은 술집 있나요?,저녁,강남역,괜찮은 술집
여기서 가장 가까운 지하철역이 어디야?,없음,없음,역
제주도 여행 중인데 흑돼지를 맛있게 하는 집 좀 알려주세요.,없음,제주도,흑돼지
왕십리역 근처에 점심으로 먹기 좋은 맛집 추천해주세요!,없음,왕십리역,없음
수원 인계동 나혜석거리 쪽에 괜찮은 카페 있나요?,없음,나혜석거리,카페
강남역 근처에서 소개팅하기 좋은 레스토랑 있나요?,저녁,강남역,소개팅 하기 좋은 레스토랑
강남역근처로 점심먹을만한곳 추천해주세요!,없음,강남역,없음
성수동 카페 추천해줘.,없음,성수동,카페
부산 해운대구 우동 마린시티쪽 횟집 추천해주세요.,없음,마린시티,횟집
오늘 저녁은 뭐 먹지?,저녁,없음,없음
서울에 분위기 좋은 레스토랑이 어디인가요?,없음,서울,레스토랑
친구랑 같이 가기 좋은 강남 맛집 추천해주세요!,없음,강남,없음
주변에 괜찮은 술집 있어?,저녁,없음,술집
이번 주말에 친구들이랑 놀건데 어디가 좋을까?,없음,없음,없음
내일 점심은 뭐 먹지?,없음,없음,없음
강남역에서 가까운 삼겹살 집 좀 알려줄래?,저녁,강남역,삼겹살을 파는 곳
서울 시내의 분위기 좋은 레스토랑 추천해주세요.,점심,서울 시내,분위기 좋은 레스토랑
내일 점심은 뭐 먹지?,점심,없음,없음
강남역 주변에 맛있는 중국집이 어디인가요?,점심,강남역,중국음식점
지금 시간대에 먹을만한 거 추천해줘.,없음,없음,없음
강남역근처 분위기 좋은 술집 추천해주세요!,저녁,강남역,분위기 좋은 술집
이태원이나 경리단길 쪽에 분위기 좋은 레스토랑 추천해주세요.,없음,이태원,분위기 좋은 레스토랑
서울 근교로 놀러갈만한 곳 어디있을까요?,없음,서울,나들이
서울대학교 학생들이 많이 가는 식당은 어디인가요?,점심,서울대입구역,대학생들의 입맛
이번 주말에 친구들과 같이 가기 좋은 음식점 알려줘.,없음,서울,친구들과 함께 가기 좋은 곳
건대입구 주변으로 맛있는 음식점 좀 알려주세요!,없음,건대입구,맛있음
강남역 주변에 맛있는 곱창집 알려주세요.,없음,강남역,맛있는 곱창집
한양대 주변에 괜찮은 식당 있나요?,없음,한양대학교,없음
강남역 근처에 분위기 좋은 술집 추천해주세요!,저녁,강남역,분위기 좋은 술집
서울에 위치한 괜찮은 레스토랑을 알려주세요.,없음,서울,괜찮은 레스토랑
홍대에서 분위기 좋은 술집 좀 알려주세요.,저녁,홍대,분위기 좋은 술집
가로수길 데이트 코스 추천해줘.,없음,가로수길,데이트 코스
건대입구역 주변 분위기 좋은 술집 추천해주세요~,저녁,건대입구역,분위기 좋은 술집
오늘 저녁은 뭘 먹을까요?,없음,없음,없음
건대입구 쪽에 괜찮은 술집이나 고깃집 있으면 추천 좀 해주세요~,저녁,건대입구,"술집, 고깃집"
여기서 제일 비싼 메뉴로 주세요.,없음,없음,없음
서울에서 괜찮은 스시집 좀 알려줘~,없음,서울,스시
신사동 가로수길 맛집 좀 알려주세요.,없음,신사동 가로수길,없음
서울에서 혼자 술먹기 좋은 곳 있을까요?,없음,서울,혼술
신촌 쪽에 가성비 좋은 초밥집 있나요?,없음,신촌,가성비 좋은 초밥집
한양대 주변 카페 추천해주세요!,없음,한양대학교,카페
"친구랑 둘이 먹을건데, 가성비 좋고 맛있는 집 추천해주세요.",없음,서울 전역,2인분 기준으로 맛있고 저렴한 곳
강남역 주변 맛집을 알고 싶어요.,저녁,강남역,없음
한식으로 괜찮은 곳이 있을까요?,없음,없음,한식
오늘 점심 뭐먹지?,없음,없음,없음
홍대 근처 가성비 좋은 스테이크집 있나요?,점심,홍대,가성비 좋은 스테이크
강남역 주변에 분위기 좋은 카페를 찾아줘.,없음,강남역,분위기 좋은 카페
나 지금 배고픈데 뭐 먹지?,점심,없음,없음
가로수길에서 소개팅하기 좋은 레스토랑 추천해주세요.,저녁,가로수길,소개팅
내가 좋아하는 사람과 함께 갈만한 분위기 좋은 식당 알려줘.,저녁,없음,분위기 좋은 곳
강남역 근처에서 소개팅하기 좋은 레스토랑을 추천해주세요.,없음,강남역,소개팅 장소
강남역 주변에서 소개팅하기 좋은 레스토랑을 추천해주세요.,없음,강남역,소개팅 장소
강남역 주변에 혼밥할 만한 곳 있나요?,없음,강남역,혼밥
서울 근교의 분위기 좋은 카페를 추천해주세요.,없음,서울,분위기 좋은 카페
제주도 여행가는데 맛집 추천 좀 해주세요!,없음,제주도,없음
서울 근교로 드라이브하기 좋은 곳은 어디일까요?,없음,서울,드라이브
이태원이나 한남동 쪽에 브런치 잘하는 곳이 어디인가요?,아침,이태원,브런치
다음주 월요일 저녁 7시에 서울역 앞에서 만나요!,저녁,서울역,만남
서울에서 맛있는 중국집 알려주세요.,없음,서울,중국집
강남역 주변으로 맛있는 파스타집 있나요?,없음,강남역,파스타
서울 근교 드라이브 코스 추천해주세요.,없음,경기도,없음
"강남에서 모임이 있는데, 어디가 좋을까요?",없음,강남,모임장소
주말에 갈만한 곳을 추천해주세요.,없음,서울,여행지
성수동 카페 어디가 좋아?,없음,성수동,분위기 좋은 카페
강남에서 분위기 좋은 레스토랑을 추천해주세요.,없음,강남,분위기 좋은 레스토랑
건대 주변에서 괜찮은 초밥집은 어디인가요?,없음,건대입구역,초밥
강남역 근처에 분위기 좋은 카페가 있나요?,없음,강남역,분위기 좋은 카페
서울시청 근처 혼밥하기 좋은 곳 알려주세요.,없음,서울시청,혼밥
강남구청역 주변 맛집 알려주세요~,없음,강남구청역,없음
강남역 주변에서 점심 식사로 먹기 좋은 곳 알려줘.,없음,강남역,없음
강남역 주변에 괜찮은 술집 있나요?,저녁,강남역,술집
서울역 근처 괜찮은 레스토랑 있을까요?,없음,서울역,레스토랑
홍대입구역 근처에 맛있는 디저트 가게 알려줘.,없음,홍대입구역,맛있는 디저트
서울에서 분위기 좋은 카페나 술집 알려주세요~,저녁,서울,분위기 좋은 곳
강남역 주변에 갈만한 카페 있나요?,없음,강남역,카페
광화문에 있는 괜찮은 카페 추천해주세요.,없음,광화문,분위기 좋고 커피 맛이 좋은 곳
강남역 근처에 맛있는 파스타집 추천해주세요.,없음,강남역,파스타
오늘 점심 뭐먹지?,없음,없음,없음
오늘 저녁은 뭘 먹을까나~,없음,없음,없음
홍대입구역 근처 혼밥하기 좋은 식당 추천해주세요.,점심,홍대입구역,혼밥하기 좋은 식당
"강남역에서 저녁 먹을 건데, 어디가 좋을까요?",저녁,강남역,없음
여기서 가장 가까운 지하철역은 어디인가요?,없음,없음,역
저녁메뉴로 뭐가 좋을까요?,저녁,서울,메뉴추천
"이번 주말에 친구들이랑 놀러갈건데, 어디가 좋을까?",없음,서울,1박 2일 코스
건대입구역에서 가까운 술집 추천해주세요!,저녁,건대입구역,술집
강남역 주변 맛집 추천해줘.,없음,강남역,없음
홍대입구역 주변에 분위기 좋고 조용한 카페 있나요?,없음,홍대입구역,분위기 좋고 조용한 카페
왕십리에서 분위기 괜찮은 술집이 어디있을까요?,저녁,왕십리역,술집
서울에서 가장 맛있는 빵집은 어디인가요?,없음,서울 전역,빵이 맛있는 곳
홍대입구역 주변에 혼밥하기 좋은 식당 있나요?,없음,홍대입구역,혼밥하기 좋은 식당
서울에 분위기 좋은 레스토랑 추천해주세요.,없음,서울,분위기
서울 근교 드라이브 하기 좋은 곳 알려주세요.,없음,서울,드라이브
오늘 저녁은 뭐 먹지?,저녁,없음,모름
홍대입구역 근처의 괜찮은 카페를 알려주세요.,없음,홍대입구역,괜찮은 카페
이태원 쪽에 분위기 좋은 술집이 있나요?,저녁,이태원동,분위기 좋은 술집
강남역에서 점심먹을건데 맛집 추천해주세요!,점심,강남역,없음
홍대입구역 근처에 분위기 좋은 카페 있나요?,없음,홍대입구역,분위기 좋은 카페
강남역에서 데이트할만한 장소 있나요?,없음,강남역,데이트 코스
요즘은 어떤 옷이 유행인가요?,없음,없음,패션 트렌드
인천공항에서 제일 가까운 호텔이 어디인가요?,없음,인천공항,공항 근처의 호텔
제주도 여행 중인데 흑돼지가 먹고 싶어요. 현지인이 많이 가는 곳 알려주세요.,없음,제주도,흑돼지
서울 근교로 당일치기 여행갈만한 곳 추천해주세요.,없음,서울,당일치기 여행지
혹시 여기서 가까운 편의점이 어디야?,없음,없음,없음
한양대 주변 괜찮은 식당 있나요?,없음,한양대학교,없음
부산에서 서울로 놀러가는데 가볼만한 곳 있을까요?,없음,서울,가볼만한 곳
강남역 근처에 분위기 좋은 레스토랑 좀 알려주세요.,없음,강남역,분위기 좋은 레스토랑
역삼역 근처에 점심으로 먹기 좋은 밥집이 있나요?,점심,역삼역,밥집
혹시 강남역 주변에 괜찮은 술집 있나요?,저녁,강남역,분위기 좋은 술집
홍대입구역 근처에 혼밥하기 좋은 식당이 있을까요?,없음,홍대입구역,혼밥하기 좋은 식당
내일 점심으로 먹을만한 것 좀 추천해줄래?,점심,서울 강남구,없음
강원도 속초여행 계획중인데 가볼만한곳 추천해주세요.,없음,강원도 속초,없음
오늘 저녁은 뭘 먹을까?,없음,없음,없음
홍대입구역 근처 분위기 좋은 카페 있나요?,없음,홍대입구역,분위기 좋은 카페
점심 메뉴 추천해주세요.,점심,없음,없음
여기서 가장 가까운 편의점이 어디야?,없음,없음,편의점
홍대에서 가성비 좋은 술집을 추천해주세요.,저녁,홍대,술집
강남역 근처에 맛있는 곳 있나요?,없음,강남역,없음
"요즘 날씨가 너무 추워져서 따뜻한 국물이 땡기는데, 서울에서 갈만한 샤브샤브 가게 알려주세요.",점심,서울,샤브샤브
강남역 주변에 회식할만한 고기집 있나요?,없음,강남역,회식장소
요즘 뜨는 핫플레이스가 어디야?,없음,없음,없음
강남역 주변에 괜찮은 초밥집 있나요?,없음,강남역,초밥
왕십리에서 가장 가까운 백화점이 어디야?,없음,왕십리,백화점
지금 이 시간대에 갈만한 곳이 어디있을까요?,없음,가로수길,현재 위치를 기반으로 한 장소 검색
한양대역이나 왕십리역 근처에 혼밥하기 좋은 식당이 있나요?,없음,한양대역,혼밥 가능한 식당
강남역 주변에 분위기 좋은 레스토랑 있나요?,없음,강남역,분위기 좋은 레스토랑
오늘 저녁 메뉴는 뭔가요?,없음,없음,없음
이태원의 분위기 좋은 레스토랑 좀 추천해주세요.,점심,이태원,분위기 좋은 레스토랑
여의도 공원 주변에 괜찮은 술집 있나요?,저녁,여의도 공원,술집
홍대에서 맛있는 라멘집 있나요?,없음,홍대,라멘
강남역에서 소개팅 하기 좋은 장소 좀 알려주세요.,없음,강남역,소개팅
홍대입구역 주변 괜찮은 술집 좀 알려줘!,저녁,홍대입구역,좋은 술집
"지금 강남역인데, 점심으로 뭘 먹어야 할지 모르겠어요.",없음,강남역,없음
신림동 순대타운은 어디가 맛있나요?,없음,신림동,순대타운
서울시청 근처에 맛있는 중국집이 어디있나요?,없음,서울시청,중국집
강남역 근처에서 데이트하기 좋은 곳을 알려주세요.,없음,강남역,데이트
"건대입구쪽으로 양꼬치 먹으러 가려고 하는데, 괜찮은 집 있을까요?",없음,건대입구,양꼬치
강남역 주변에 괜찮은 스시집이 어디인가요?,없음,강남역,스시
강남역 맛집 알려주세요~,없음,강남역,없음
강남역 주변 맛집 알려주세요.,없음,강남역,없음
강남역 주변에 회식할만한 장소 추천해주세요.,없음,강남역,회식장소
강남역 근처에 괜찮은 술집 있나요?,저녁,강남역,괜찮은 술집
강남역 주변에서 가볍게 맥주한잔 하고 싶은데 어디가 좋을까요?,없음,강남역,가벼운 술자리
강남역 주변에 맛집 좀 알려주세요~,없음,강남역,없음
강남역 주변 맛집 추천해주세요!,없음,강남역,없음
홍대입구역 근처에 분위기 좋은 레스토랑 좀 소개해주세요.,없음,홍대입구역,분위기 좋은 레스토랑
강남역에서 데이트하기 좋은곳좀 알려주세요!,없음,강남역,데이트코스
제주도 여행코스 추천해주세요.,없음,제주도,없음
강남역 주변에 분위기 좋은 레스토랑을 찾고 있어요. 추천해주세요.,저녁,강남역,레스토랑
"제가 지금 배가 너무 고픈데, 맛있는 식당 좀 알려주세요.",점심,없음,없음
강남역에서 밥먹을건데 뭐가 맛있어?,점심,강남역,맛잇는 것
서울 근교 드라이브 코스 추천해주세요!,없음,서울,드라이브
서울역 근처에 맛집 있나요?,없음,서울역,없음
홍대입구역 근처에서 혼밥하기 좋은 곳 알려주세요!,없음,홍대입구역,혼밥 가능한 식당
홍대입구역 부근으로 분위기 좋은 술집 추천 부탁드려요!,저녁,홍대입구역,분위기 좋은 술집
사당역 주변으로 괜찮은 술집 있나요?,저녁,사당역,안주가 맛있는 술집
홍대입구역 근처에서 한식 잘하는곳 있나요?,없음,홍대입구역,한식
홍대입구역 근처 분위기 좋은 술집 알려주세요.,저녁,홍대입구역,분위기 좋은 술집
성수동 카페거리 예쁜 카페 추천해주세요!,없음,성수동 카페거리,예쁜 카페
강남역 근처 맛집 알려주세요!,점심,강남역,없음
강남역 주변에 점심 먹기 좋은 곳 있나요?,점심,강남역,없음
강남구청역 근처에 맛있는 파스타집을 추천해주세요.,없음,강남구청역,맛있는 파스타
강남역 주변에 괜찮은 술집 있나요?,저녁,강남역,술을 마실 수 있는 곳
강남역 주변에 분위기 좋은 술집 있나요?,저녁,강남역,분위기 좋은 술집
오늘 저녁은 뭘 먹을까요?,없음,없음,없음
"서울에서 저녁식사로 삼겹살을 먹으려고 하는데, 괜찮은 곳 좀 소개해 주세요.",저녁,서울,삼겹살
강남역에서 여자친구랑 데이트 하기 좋은 식당 알려주세요.,점심,강남역,데이트
을지로 3가 역 근처 맛있는 곳 좀 알려줘.,없음,을지로3가,없음
인사동에서 데이트하기 좋은 곳 있나요?,없음,인사동,데이트 코스
강남역에서 소개팅하기 좋은 곳 알려주세요.,없음,강남역,소개팅 장소
이태원 루프탑바 중 분위기 좋고 음식 맛있는 곳 추천해주세요.,저녁,이태원,"루프탑 바, 분위기 좋음, 음식 맛있음"
여의도 한강공원 근처에 치킨 배달 시킬 만한 곳 있니?,없음,여의도 한강공원,치킨 배달
강남에서 갈만한 술집 있나요?,저녁,강남,분위기 좋은 술집
서울 근교로 드라이브 갈만한 곳 있나요?,없음,서울,운전하기 편한 도로
6월 2일 저녁에 친구들이랑 같이 갈만한 강남역 맛집 추천해주세요.,저녁,강남역,친구들과 함께 가기 좋은 식당
이번 주 금요일에 인천에서 소개팅할 분위기 좋은 식당 골라줘.,없음,인천,소개팅하기 좋은 분위기
"출장 중인데, 이 지역에서 유명한 음식점이 있을까요?",없음,없음,없음
부산 해운대 달맞이길 카페 추천해주세요.,없음,달맞이길,카페
점심으로 먹기 좋은 음식점 알려주세요.,점심,없음,없음
강남역에서 혼밥하기 좋은 곳 추천해주세요!,없음,강남역,혼밥
오늘은 뭐 먹지?,없음,없음,없음
강남역에서 가까운 맛집 알려주세요~,점심,강남역,없음
홍대에서 여자친구랑 데이트 할건데 분위기 좋고 가격도 적당한 레스토랑 추천해주세요~,없음,홍대,"분위기, 가격 적당"
강남역에서 혼밥하기 좋은 곳이 어디있을까요?,없음,강남역,혼밥
오늘 저녁은 뭐 먹지?,저녁,없음,없음
강남역 주변 분위기 좋은 술집 있나요?,저녁,강남역,분위기 좋은 술집
강남구청역 근처에 맛있는 고기집 추천해주세요.,없음,강남구청역,맛있는 고기집
강남역 주변에 혼밥하기 좋은 맛집 좀 알려줘.,점심,강남역,혼밥하기 좋은 곳
성수역 근처 카페 추천해주세요!,없음,성수역,카페
압구정로데오역 근처 맛집 알려주세요~,없음,압구정로데오역,없음
이태원 경리단길의 분위기 좋은 카페를 알려주세요.,없음,이태원 경리단길,분위기 좋은 카페
강남역 근처의 맛있는 피자집이 있나요?,점심,강남역,피자
이태원에서 분위기 좋은 펍 추천해주세요.,없음,이태원,분위기 좋은 펍
강남역 맛집 좀 알려주세요.,없음,강남역,없음
홍대입구역 근처에 분위기 좋고 조용한 카페 있나요?,없음,홍대입구역,분위기 좋고 조용한 카페
종로 맛집 알려주세요.,없음,종로,없음
강남역에서 스터디 할만한 카페 있나요?,없음,강남역,스터디 가능한 카페
강남역 근처에 점심으로 먹기 좋은 맛집 있나요?,없음,강남역,없음
홍대 근처의 분위기 좋은 카페를 알려줘.,없음,홍대,분위기 좋은 곳
점심으로 뭐 먹을까?,점심,없음,없음
건대입구역 부근 카페 추천해주세요.,없음,건대입구역,카페
홍대 근처의 가성비 좋은 스테이크집 알려주세요.,없음,홍대,가성비 좋은 스테이크
강남역에서 소개팅하기 좋은 장소 좀 추천해주세요.,없음,강남역,소개팅
성신여대 근처에 혼술하기 좋은 맥주집 추천해주세요.,없음,성신여대,혼술하기 좋은 맥주집
신촌에서 밥 먹을건데 추천해주세요!!,없음,신촌,없음
오늘 점심은 뭐 먹지?,점심,없음,없음
홍대 근처에서 혼밥하기 좋은 곳 추천해주세요.,점심,홍대,혼밥 가능한 식당
오늘 점심은 뭐 먹을까요?,없음,없음,없음
점심으로 먹을 만한 것 좀 추천해주세요.,없음,없음,없음
홍대나 합정 쪽에 괜찮은 이자카야 있어?,없음,홍대,이자카야
점심으로 먹기 좋은 식당 추천해주세요.,점심,없음,없음
강남역 주변에 혼밥하기 좋은 식당이 있을까요?,없음,강남역,혼밥하기 좋은 식당
내일 뭐 먹지?,없음,없음,메뉴 선정
이태원의 분위기 좋은 바 추천해주세요.,저녁,이태원,분위기가 좋아야 함
종로3가에서 가볍게 한잔할곳 있나요?,없음,종로3가,가벼운 술자리
강남역 근처에 분위기 좋은 레스토랑 있나요?,없음,강남역,분위기 좋은 레스토랑
"강남, 역삼 쪽에 분위기 좋은 레스토랑 알려주세요.",없음,강남,분위기 좋은 레스토랑
이태원에서 분위기 좋은 술집 알려주세요~,저녁,이태원,술집
강남역 근처의 맛있는 초밥집 알려줘.,없음,강남역,초밥
"홍대입구역 근처에 분위기 좋고, 음식도 맛있는 식당이 있나요?",없음,홍대입구역,없음
강남역에서 점심 먹을만한 곳 있나요?,점심,강남역,없음
명동맛집추천해주세요!!,없음,명동,없음
강남역 주변에 맛있는 초밥집 있나요?,없음,강남역,초밥
제주도에서 흑돼지를 먹을 수 있는 맛집을 알고 있나요?,없음,제주도,흑돼지
이태원 데이트 코스 알려주세요!,없음,이태원,데이트 코스
강남역 주변 가성비 좋은 초밥집 추천해주세요.,점심,강남역,가성비 좋은 초밥집
강남역 주변에 분위기 좋은 레스토랑 있나요?,없음,강남역,분위기 좋은 레스토랑
서울 근교로 드라이브 갈만한 곳 어디 없을까?,없음,서울,드라이브
서울역 근처의 맛있는 집 추천 부탁드립니다.,없음,서울역,맛있음
홍대에서 소개팅 하기 좋은 곳 있나요?,저녁,홍대,소개팅
강남구청역 근처에 괜찮은 초밥집 추천해주세요.,없음,강남구청역,초밥
서울에서 갈만한 브런치 카페를 추천해주세요.,없음,서울,브런치 카페
홍대 근처에서 소개팅할만한 분위기 좋은 레스토랑 없을까요?,없음,홍대입구역,소개팅하기 좋은 레스토랑
홍대입구역 주변에 괜찮은 초밥집이 있을까요?,점심,홍대입구역,초밥
회사 회식 장소로 좋은 곳을 알려주세요.,저녁,서울시 마포구,고급스러운 분위기의 음식점
영등포역에서 제일 가까운 카페가 어디야?,없음,영등포역,가장 가까운 카페
강남역 주변에 맛집 알려줘~,저녁,강남역,없음
서울 근교로 드라이브를 갈만한 곳이 어디있을까요?,없음,서울,드라이브
저녁으로 먹을만한 거 추천해줘.,저녁,없음,없음
남자친구 생일인데 서울에서 데이트할만한 곳 추천해주세요.,없음,서울,데이트 장소
저녁으로 먹기 좋은 메뉴가 뭐가 있을까요?,저녁,없음,없음
서울 근교 드라이브 코스 추천해주세요.,없음,서울,없음
오늘 저녁엔 뭘 먹을까?,저녁,없음,없음
서울에서 놀만한 곳이 어디있을까요?,없음,서울,놀만한 곳
여기서 제일 가까운 편의점이 어디야?,없음,없음,가장 가까운 편의점
강남구청역 근처에 괜찮은 술집 있나요?,저녁,강남구청역,술집
홍대에 분위기 좋은 술집 있나요?,저녁,홍대,분위기
내일 점심은 어디서 먹을까?,점심,서울,없음
홍대근처의 괜찮은 레스토랑을 알려주세요.,없음,홍대,괜찮은 레스토랑
홍대 놀거리 추천해줘!,없음,홍대입구역,놀 거리
합정역 근처에 분위기 좋은 카페 있나요?,없음,합정역,분위기 좋은 카페
강남역에서 점심 먹을 만한 곳이 있을까요?,점심,강남역,없음
내일 저녁 8시에 어디서 만날까?,저녁,없음,만남
내일 점심은 뭘 먹을까요?,점심,없음,없음
강남역 주변에 소고기 먹을만한 곳 알려주세요~,없음,강남역,소고기
서울역 근처 혼밥하기 좋은 식당 알려주세요!,없음,서울역,혼밥하기 좋은 식당
여의도에서 점심 먹을만한 곳 추천해주세요.,점심,여의도,없음
압구정로데오역 근처에 있는 분위기 좋은 레스토랑을 알려주세요.,없음,압구정로데오역,분위기 좋은 레스토랑
종로3가역 근처에 맛있는 치킨집 어디있나요?,없음,종로3가역,치킨집
강남역에서 혼밥하기 좋은 식당 좀 알려주세요.,없음,강남역,혼밥하기 좋은 식당
오늘 저녁 메뉴 추천해주세요~,저녁,없음,한식
홍대나 신촌에서 분위기 좋은 술집 알려주세요.,저녁,홍대,분위기 좋은 술집
서울역 주변이나 용산구 쪽에 괜찮은 한정식 집 없을까요?,없음,서울역,한정식
대전역 근처에 괜찮은 횟집 좀 알려주세요.,없음,대전역,횟집
강남역 근처에 소개팅할만한 곳 없을까요?,없음,강남역,소개팅 장소
서울에서 가까운 바다 추천해주세요.,없음,없음,바다가 보이는 곳
여기서 제일 가까운 카페가 어디야?,없음,없음,가장 가까운 카페
종로3가 혼밥하기 좋은 식당 추천해주세요.,없음,종로3가,혼밥하기 좋은 식당
점심 뭐먹지?,없음,없음,없음
저녁에 뭘 먹을까?,저녁,없음,없음
친구들과 함께 갈만한 분위기 좋은 카페가 있을까요?,없음,없음,분위기 좋은 카페
강남역 주변에 회식 장소를 알아보고 있는데 어디가 좋을까요?,저녁,강남역,회식장소
왕십리역 근처에 괜찮은 술집 추천해주세요!,저녁,왕십리역,술집
강남역 주변에 괜찮은 고깃집 좀 알려주세요~,없음,강남역,고깃집
내일 점심은 어디서 먹지?,아침,없음,없음
강남역 주변에 맛집 알려주세요.,없음,강남역,없음
강남역에서 가까운 분위기 좋은 레스토랑을 추천해주세요.,없음,강남역,분위기 좋은 레스토랑
수원 영통구 망포동 주변에 괜찮은 중국집 없나요?,없음,망포동,중국집
이번 주말에 뭐하지?,없음,없음,없음
점심으로 어떤걸 먹는게 좋을까요?,점심,없음,없음
다음 주 수요일 저녁에 여자친구랑 갈만한 곳 추천해줘.,없음,없음,여자친구와 함께 방문 예정
강남역 주변에 분위기 좋은 레스토랑 있나요?,없음,강남역,분위기 좋은 레스토랑
이 근처에 맛있는 집 있어?,없음,없음,없음
지금 시간에 문 연 식당이 있을까요?,저녁,없음,24시 음식점
서울에서 맛있는 횟집 좀 알려주세요.,없음,서울,회
강남역 맛집 좀 알려주세요.,저녁,강남역,없음
서울에서 가장 분위기 좋고 맛도 괜찮은 이탈리안 레스토랑이 어디인가요?,없음,서울 전역,이탈리안 레스토랑
성수동에서 분위기 좋은 카페나 레스토랑 추천해주세요.,없음,성수동,분위기 좋은
강남역 주변에 맛집 좀 알려주라!,없음,강남역,없음
지금 당장 갈만한 맛집 좀 알려줘봐~,없음,없음,없음
내일 저녁은 뭘 먹을까?,저녁,없음,없음
강남역 근처에 맛있는 중국집 있나요?,없음,강남역,중식
나 내일 생일인데 뭐 먹을까?,없음,없음,없음
강남역 혼밥하기 좋은 곳 알려주세요~,없음,강남역,혼밥 가능한 곳
건대입구 쪽에 분위기 좋은 술집 있나요?,저녁,건대입구,분위기 좋은 술집
강남역 근처로 친구들이랑 놀러 갈 건데 놀 만한 곳 좀 알려줘.,없음,강남역,놀 만한 곳
혹시 홍대쪽에 괜찮은 술집 있나요?,저녁,홍대,분위기 좋고 안주가 맛있는 술집
강남역 쪽에 괜찮은 술집 있나요?,저녁,강남역,없음
홍대입구역 근처에서 친구들과 함께 갈만한 맛집 좀 알려줘.,없음,홍대입구역,없음
강남역 주변에 분위기 좋은 레스토랑 알려주세요.,없음,강남역,분위기
서울역 근처에 괜찮은 식당 있나요?,없음,서울역,없음
홍대입구역 근처 가성비 좋은 술집 알려주세요.,저녁,홍대입구역,가성비 좋은 술집
내일 저녁으로 뭘 먹을까 고민중인데 추천해주세요!,없음,없음,없음
점심에 먹기 좋은 메뉴를 추천해주세요.,점심,역삼동,없음
여자친구와 데이트할 때 갈만한 분위기 좋은 레스토랑 추천해주세요.,점심,홍대입구역,분위기 좋은 레스토랑
강남역 근처에서 소개팅하기 좋은 장소 알려줘.,없음,서울 강남역,소개팅
점심으로 먹기 좋은 음식 추천해주세요.,점심,없음,없음
서울에 있는 분위기 좋은 레스토랑 추천해줘.,저녁,서울,분위기 좋은 레스토랑
한양대 근처에 괜찮은 카페 있어?,없음,한양대학교,카페
서울에서 맛있는 식당 알려주세요.,점심,서울,맛이 중요함
서울역 근처에 맛있는 초밥집이 있나요?,없음,서울역,초밥
강남역 근처에 분위기 좋은 카페 어디있나요?,없음,강남역,분위기 좋은 카페
왕십리역 근처 분위기 좋은 술집이나 카페 좀 알려주세요.,저녁,왕십리역,"분위기 좋은 술집, 카페"
부산에 있는 호텔 뷔페를 예약하고 싶은데 어떻게 해야 하나요?,없음,부산,호텔 뷔페 예약
이태원 경리단길 분위기 좋은 카페 추천해주세요.,없음,이태원 경리단길,분위기 좋은 카페
건대입구역 주변의 분위기 좋은 레스토랑 추천해주세요.,점심,건대입구역,분위기 좋은 레스토랑
제주도 여행지 추천해주세요.,없음,제주도,없음
오늘 점심은 뭐 먹지?,점심,없음,없음
강남역근처 혼밥할만한곳 알려주세요!,없음,강남역,혼밥
오늘 저녁은 뭘 먹을까요?,없음,없음,없음
강남역 주변으로 분위기 좋은 술집 알려주세요.,저녁,강남역,분위기 좋은 술집
이태원이나 한남동 부근에 와인바 좀 추천해주세요.,없음,이태원,와인바
역삼동 맛집 알려줘~,없음,역삼동,없음
강남역 주변에 분위기 좋은 카페나 바 있어?,없음,강남역,분위기 좋은 카페 또는 바
강남역 근처에 맛있는 삼겹살집 있나요?,없음,강남역,삼겹살
홍대입구역에서 가까운 분위기 좋은 술집 알려줘.,저녁,홍대입구역,분위기 좋은 술집
지금 부산 해운대입니다. 저녁을 먹어야 하는데 어디가 좋을까요?,없음,부산 해운대,없음
홍대입구역 근처에 분위기 좋은 레스토랑이 있을까요?,없음,홍대입구역,분위기 좋은 레스토랑
강남역 주변에 괜찮은 식당 있나요?,없음,강남역,없음
혹시 너네 집 주변에 괜찮은 술집 있나?,저녁,없음,분위기 좋은 술집
"여자친구랑 데이트 할건데, 가로수길이나 압구정로데오쪽으로 맛있는 곳 알려줘!",없음,가로수길,맛이 있어야 함
점심으로 먹기 좋은 음식점 알려주세요.,없음,없음,없음
홍대입구역 근처 점심으로 먹을만한곳 추천해주세요~,없음,홍대입구역,없음
왕십리역 근처에 괜찮은 술집 있어?,저녁,왕십리역,없음
강남에서 소개팅 할만한 레스토랑 추천해주세요.,없음,강남구,소개팅할 만한 레스토랑
내일 점심으로 먹을만한 거 추천해줘.,없음,없음,없음
분당 정자동 카페거리에 분위기 좋은 레스토랑 추천해주세요.,없음,정자동 카페거리,분위기 좋은 레스토랑
인천공항에서 서울까지 택시요금 얼마정도 나올까요?,없음,인천공항,택시비
우리 오늘 어디서 만날까?,없음,없음,없음
강남역 근처에 맛집 추천해줘.,없음,강남역,없음
5월 12일 점심에 한양대학교 근처에서 뭐 먹을지 골라줘. 느끼한 음식은 싫어.,점심,한양대학교,느끼하지 않은 음식 판매
강남역 주변에 분위기 좋은 카페 있나요?,없음,강남역,분위기 좋은 카페
혹시 홍대입구역 근처에 괜찮은 카페 있나요?,없음,홍대입구역,카페
이태원에서 저녁 먹을건데 분위기 좋은 레스토랑 추천해줘요.,저녁,이태원,분위기 좋은 레스토랑
서울에서 친구들과 술 마실만한 장소를 찾아줘.,없음,서울,술집
내가 제일 좋아하는 음식은 무엇일까?,없음,없음,없음
강남역 근처에 점심 먹기 좋은 식당이 어디있을까요?,점심,강남역,없음
수원역 주변에 괜찮은 카페 있나요?,없음,수원역,괜찮은 카페
이 근처에 맛있는 곳 어디 없나?,없음,없음,없음
강남역근처 분위기 좋은 술집 알려주세요.,저녁,강남역,분위기 좋은 술집
서울 근교 드라이브 코스 추천해주세요.,없음,서울,드라이브 코스
강남역 근처에서 맛있는 파스타집 좀 알려주세요.,점심,강남역,파스타
내일 저녁에 친구들이랑 술마시러 갈건데 어디가 좋을까?,저녁,서울,술집
내일 아침은 뭘 먹을까?,아침,없음,없음
요즘 날씨도 좋은데 놀러갈만한 곳 없을까?,없음,없음,여행지
내일 저녁에 갈만한 식당을 추천해줘.,저녁,서울특별시 종로구,한식 또는 양식
왕십리에서 혼자 술먹기 좋은 술집 알려주세요~,저녁,왕십리,"혼술, 분위기 좋음"
압구정로데오역 근처 카페 추천해주세요.,없음,압구정로데오역,카페
강남역 주변에 괜찮은 파스타집 있나요?,점심,강남역,맛있는 파스타 집
종로3가 맛집 알려주세요~~,없음,종로3가,없음
서울시립대 근처 맛집 알려줘.,없음,서울시립대,없음
점심으로 먹기 좋은 음식점 추천해주세요.,점심,없음,없음
강남역에서 분위기 좋은 술집 알려줘.,저녁,강남역,분위기 좋은 술집
을지로3가역 근처에 분위기 좋은 술집 어디 없나요?,저녁,을지로3가역,분위기 좋은 술집
강남역에서 소개팅하기 좋은 레스토랑 추천해주세요.,없음,강남역,소개팅하기 좋은 분위기의 레스토랑
강남역 맛집 추천해주세요.,점심,강남역,없음
강남역 주변에 조용한 카페 있나요?,없음,강남역,조용한 카페
혹시 여기서 제일 맛있는 메뉴가 뭐에요?,없음,없음,없음
한양대 주변 가성비 좋은 초밥집 있나요?,없음,한양대학교,가성비 좋은 초밥집
건대입구쪽에서 맛있는 집 아시는 분 있나요?,없음,건대입구,모름
가로수길 쪽에 파스타집 추천해주세요!,없음,가로수길,파스타
강남쪽 분위기 좋은 술집 알려주세요~,저녁,강남,분위기 좋은 술집
압구정로데오거리 쪽에 분위기 좋은 카페나 레스토랑 있으면 알려주세요~,없음,압구정로데오거리,"분위기 좋은 카페, 레스토랑"
강남역 근처에서 여자친구랑 데이트하기 좋은 레스토랑 알려주세요.,점심,강남역,여자친구와 데이트 하기 좋은 곳
강남역 근처에 분위기 좋은 레스토랑 추천해주세요.,없음,강남역,분위기
성수동 카페거리 가볼만한 곳 있나요?,없음,성수동 카페거리,가볼만한 곳
강남역이나 신논현역 근처 점심식사 할만한 곳 알려주세요.,없음,강남역,없음
홍대입구역 근처에 맛있는 곱창집 알려주세요.,없음,홍대입구역,곱창
강남역 주변에 혼밥하기 좋은 음식점 있나요?,없음,강남역,혼밥 가능
오늘 점심은 뭘 먹을까?,점심,없음,없음
점심은 뭐 먹지?,점심,없음,없음
오늘 오후 7시쯤에 강남역 주변에서 친구랑 밥먹을건데 어디가 좋을까?,저녁,강남역,없음
"이번 주말에 남자친구랑 데이트하러 갈건데, 분위기 좋은 레스토랑 추천해줘!",없음,서울,분위기 좋은 레스토랑
저녁 메뉴로 치킨 vs 피자 중 하나만 골라줘.,저녁,없음,치킨 vs 피자
"성수동 카페거리를 가려고 하는데, 주차가 가능한 카페는 어디인가요?",없음,성수동 카페거리,주차가 가능해야 함
서울 근교로 놀러갈만한 곳 있나요?,없음,서울,여행지
강남역 주변의 맛집 좀 알려주세요.,없음,강남역,없음
신촌근처에 혼밥하기 좋은 식당있나요?,없음,신촌,혼밥
분당 서현동 맛집 좀 알려주세요.,없음,분당 서현동,없음
대전 유성구쪽에 분위기 좋고 맛있는 파스타집 있을까요?,없음,대전 유성구,분위기 좋고 맛있는 파스타집
서울 근교의 캠핑장 좀 추천해주세요.,없음,서울,캠핑장
서울에서 혼자 갈만한 술집 추천해주세요.,저녁,서울,혼술하기 좋은 곳
이태원에 분위기 좋은 카페가 있나요?,없음,이태원,분위기 좋은 카페
강남역 근처에 괜찮은 술집 있나요?,저녁,강남역,없음
이번주 토요일날 친구랑 둘이서 갈만한 맛집 있을까요?,없음,서울,없음
홍대나 신촌 쪽에 분위기 좋은 술집 없나요?,저녁,홍대,분위기 좋은 술집
홍대입구역 근처의 분위기 좋은 카페를 알려주세요.,없음,홍대입구역,분위기 좋은 카페
홍대에서 여자친구랑 데이트하기 좋은 곳이 있을까요?,없음,홍대입구역,데이트 장소
점심 뭐먹지?,없음,없음,없음
홍대나 합정 쪽에 괜찮은 카페 있나요?,없음,홍대,카페
강남에서 친구들과 모임하기 좋은 장소가 어디일까요?,없음,강남구,모임장소
강남역 근처에 분위기 좋은 레스토랑을 찾고 있어요. 어디가 좋을까요?,저녁,강남역,레스토랑
서울역 근처 점심으로 먹을만한 곳 있나요?,없음,서울역,없음
오늘 점심으로 맛있는 햄버거를 먹고 싶어요.,점심,서울 전역,햄버거
서울역근처 괜찮은 식당 있나요?,없음,서울역,괜찮은 식당
강남역 근처에 분위기 좋은 레스토랑 있나요?,점심,강남역,분위기 좋은 레스토랑
홍대입구역에서 가까운 카페 어디가 있을까요?,없음,홍대입구역,역근처카페
서울시 성동구에서 퓨전 요리를 먹을 수 있는 맛집을 추천해주세요.,없음,서울시 성동구,퓨전 요리
요즘은 어떤 책이 재미있나요?,없음,없음,도서
서울역 근처에 파스타를 먹을 수 있는 맛집이 있을까요?,없음,서울역,파스타
건대입구역 근처의 분위기 좋은 술집을 알려줘.,저녁,건대입구역,분위기 좋은 술집
여기서 가장 가까운 맛집이 어디야?,없음,없음,없음
여기 주변에 괜찮은 술집 좀 알려줘.,저녁,없음,없음
강남역 근처에서 소개팅하기 좋은 곳 추천해주세요.,없음,강남역,소개팅 장소
강남역 주변에 혼자 밥 먹기 좋은 조용한 식당이 있을까요?,점심,강남역,"혼밥, 조용한 식당"
"서울시 중구 을지로0가, 명동 인근의 분위기 좋은 식당 알려줘.",없음,명동,분위기 좋은 식당
강남역 근처에 맛있는 고깃집이 어디야?,없음,강남역,고깃집
내일 점심은 뭐 먹을까?,점심,서울 강남구,없음
이태원에서 분위기 좋은 식당 추천해줘.,없음,이태원,분위기 좋은 곳
강남역 주변에서 소개팅할만한 장소 추천해주세요.,저녁,강남역,소개팅
홍대나 신촌쪽에 분위기 좋은 술집좀 추천해주세요!,저녁,홍대,술집
오늘 점심은 뭐 먹지?,점심,없음,없음
신사동 가로수길에서 데이트하기 좋은 곳이 어디인가요?,저녁,신사동 가로수길,데이트 장소
"다음주 수요일 저녁 7시에 종로에서 친구들과 모임이 있는데, 괜찮은 레스토랑 알려줘.",없음,종로,없음
강남역 근처의 분위기 좋은 와인바를 추천해주세요.,저녁,강남역,와인바
홍대근처에 괜찮은 술집 추천해주세요.,저녁,홍대입구역,술집
강남역 주변 맛집 알려주세요~,없음,강남역,없음
이태원에서 분위기 좋은 술집 알려주세요.,저녁,이태원,분위기 좋은 술집
왕십리 엔터식스 안에 있는 맛집 좀 알려주세요.,없음,왕십리 엔터식스,없음
건대입구에 괜찮은 술집 좀 알려줘.,저녁,건대입구,술 마시기 좋은 곳
강남역 근처에서 점심을 먹어야 하는데 괜찮은 곳 없을까?,점심,강남역,없음
제주도에서 흑돼지를 먹을 수 있는 맛집을 알려주세요.,없음,제주도,흑돼지
홍대입구역 근처에 분위기 좋은 카페 있나요?,없음,홍대입구역,분위기 좋은 카페
강남역 근처에 맛있는 고깃집 추천해주세요.,없음,강남역,맛있는 고깃집
가로수길 파스타 맛있는 집 좀 알려주세요.,없음,가로수길,파스타
서울에 있는 분위기 좋은 레스토랑 추천해주세요.,없음,서울,레스토랑
점심은 어디서 먹을까요?,점심,없음,없음
오늘 점심은 뭘 먹을까요?,점심,없음,없음
부산 여행 코스 좀 짜주세요.,없음,부산,없음
건대입구역 주변에 분위기 좋은 카페나 술집있나요?,저녁,건대입구역,분위기가 좋아야 함
친구들이랑 같이 갈만한 홍대 술집 추천해줘.,저녁,홍대,술집
건대입구에서 데이트하기 좋은 곳 추천해주세요~,없음,건대입구,데이트 장소
강남역 주변에 맛집 좀 알려주세요.,점심,강남역,없음
강남역에서 회식할건데 괜찮은 곳 있을까요?,없음,강남역,회식장소
오늘 저녁 뭐 먹지?,없음,없음,저녁 메뉴
서울 근교 여행지 추천해주세요.,없음,서울,당일치기 가능한 곳
강남역 근처에 소개팅 하기 좋은 레스토랑이 어디야?,없음,강남역,소개팅하기 좋은 레스토랑
서울 근교로 드라이브 갈만한 곳 좀 알려주세요~,없음,서울,드라이브
강남역 주변에 맛있는 중국집이 어디인가요?,없음,강남역,맛있는 중국집
강남역 주변에 혼밥하기 좋은 곳 알려주세요.,없음,강남역,혼밥
강남역 주변 맛집 알려줘.,없음,강남역,"한식, 양식, 일식 중 하나를 선택해야 함"
강남역에서 친구랑 둘이 술 한잔 할 건데 어디가 좋을까요?,없음,강남역,2명이서 즐길 수 있는 술집
홍대입구역 근처에 맛있는 파스타집 있나요?,없음,홍대입구역,파스타
오늘 저녁은 뭐 먹지?,저녁,서울 전역,없음
종로 근처에 맛있는 횟집 추천해주세요.,점심,종로,맛있는 횟집
점심으로 먹기 좋은 메뉴가 뭐가 있을까요?,점심,없음,없음
홍대입구역 근처에 분위기 좋은 카페 추천해주세요.,없음,홍대입구역,분위기 좋은 카페
제주도 흑돼지 맛집 알려주세요.,없음,제주도,흑돼지
강남역 근처에 삼겹살 맛집 좀 알려주세요.,없음,강남역,삼겹살
대학로에서 데이트하기 좋은 곳 좀 알려주세요~,없음,대학로,데이트 코스
강남역이나 역삼역 근처에 파스타 맛집 알려주세요~,없음,강남역,파스타
홍대입구역에서 가까운 맛집 있나요?,없음,홍대입구역,없음
내일 점심으로 먹기 좋은 한식집을 추천해 주세요.,점심,없음,한식
홍대에서 맥주한잔 하기 좋은 곳 추천해주세요~,없음,홍대입구역,맥주 한잔 할만한 곳
강남역 근처에서 브런치로 먹을만한 음식점을 알려주세요.,점심,강남역,브런치
점심은 뭐 먹지?,점심,없음,아무거나
내일 점심으로 먹기 좋은 메뉴가 뭐가 있을까요?,점심,없음,없음
가장 가까운 편의점이 어디야?,없음,없음,편의점 위치
지금 서울 날씨 어때요?,없음,서울,현재 날씨
서울에서 갈 만한 곳이 어디있을까요?,없음,서울,여행지
밤 늦게까지 먹을 수 있는 야식집 추천해주세요.,저녁,없음,밤늦게까지 운영하는 곳
오늘 저녁으로 먹기 좋은 메뉴를 알려줘.,저녁,서울특별시 종로구,없음
광화문에서 혼밥할건데 어디가 좋을까요?,없음,광화문,혼밥
서울에서 맛있는 음식점은 어디가 있나요?,없음,서울,없음
강남구청역 근처에 맛집 있을까요?,없음,강남구청역,없음
제주도 서귀포시에 흑돼지 맛집 알려주세요.,없음,제주도 서귀포시,흑돼지
강남구청역 근처에 괜찮은 레스토랑 있나요?,없음,강남구청역,레스토랑
강남역에서 점심으로 먹기 좋은 맛집 있나요?,점심,강남역,없음
가로수길 맛집 중 가성비 좋은 곳 알려줘.,점심,가로수길,가성비
강남역 주변 회식장소 추천해주세요~,없음,강남역,회식장소
강남역 근처로 해서 소개팅 장소 좀 추천해주세요.,없음,강남역,소개팅 장소
이 근처에 괜찮은 식당이 어디 있나요?,점심,없음,없음
서울에서 맛있는 곳은 어디인가요?,없음,서울,없음
강남역 주변에 혼밥 할 만한곳 추천해주세요!,없음,강남역,혼밥 가능한 음식점
강남역에서 데이트하기 좋은 식당 추천해주세요.,점심,강남역,데이트
홍대나 합정역쪽에 맛있는 초밥집 있나요?,없음,홍대,초밥
강남역 주변으로 친구들과 가기 좋은 술집 알려주세요.,저녁,강남역,친구들과 술 마시기 좋은 곳
강남구청역 근처에 점심으로 먹기 좋은 음식점 있나요?,없음,강남구청역,없음
오늘 밤 10시 이후로 서울역 근처에서 술 마실 곳 추천해줘.,저녁,서울역,술 마시기 좋은 곳
요즘 핫한 맛집을 알려줘!,없음,없음,없음
홍대 근처에서 소개팅 할만한 장소를 알려주세요.,없음,홍대입구역,소개팅 하기 좋은 곳
서울 근교로 드라이브 갈만한 곳 알려줘.,없음,서울,드라이브
오늘은 왠지 치킨이 땡기네요. 어디가 맛있을까요?,없음,없음,치킨
요즘 핫한 맛집은 어디인가요?,점심,강남역,없음
강남역 근처에 괜찮은 술집 있나요?,저녁,강남역,괜찮은 술집
강남구청역 근처에 혼밥하기 좋은 식당 있나요?,없음,강남구청역,혼밥
홍대입구역 근처의 맛집을 추천해주세요.,저녁,홍대입구역,없음
강남역에서 친구들이랑 갈만한 술집 있나요?,저녁,강남역,술을 마실 수 있는 곳
연남동에서 소개팅하기 좋은 장소 추천해주세요.,없음,연남동,소개팅하기 좋은 장소
강남역 근처 맛집 좀 알려주세요!,없음,강남역,없음
강남역 주변에 맛있는 파스타집 알려줘.,없음,강남역,맛있는 파스타
강남역 근처에 맛있는 고기집 좀 소개해 주세요.,없음,강남역,고기
강남역에서 가까운 분위기 좋은 술집 좀 알려주세요.,저녁,강남역,술집
지금 이 시간대에 강남역 근처에서 혼밥할 만한 곳 있을까?,없음,강남역,혼밥 가능한 식당
지금 이 시간에 먹을만한 야식이 뭐가 있을까요?,저녁,없음,야식
요즘 날씨도 좋은데 한강에서 치맥 어때?,없음,여의도한강공원,"치킨, 맥주"
강남역 주변에 맛있는 파스타집 있나요?,없음,강남역,파스타
강남역 근처에 혼자서 먹을만한 맛집이 있나요?,없음,강남역,혼자서 먹을 수 있어야 함
강남역 근처에서 점심 먹을만한 곳 추천해줘.,점심,강남역,없음
한양대 맛집 알려줘!,없음,한양대학교,없음
강남구청역 주변에 혼밥할만한 곳 있을까요?,없음,강남구청역,혼밥
내일 점심으로 먹기 좋은 메뉴 추천해줘.,점심,서울 마포구,없음
제주도에서 한식을 먹을 수 있는 맛집을 추천해주세요.,없음,제주도,한식
내일 점심으로 괜찮은 초밥집 추천해줘.,점심,없음,초밥
가로수길이나 압구정로데오 쪽에 괜찮은 술집 있나요?,저녁,가로수길,술집
강남역 주변에 분위기 좋은 술집을 알고 싶어요.,저녁,강남역,분위기 좋은 술집
여기서 제일 유명한 메뉴가 뭐야?,없음,없음,없음
내일 점심으로 간단히 먹을 수 있는 곳 알려주세요!,점심,없음,없음
광화문 주변에 분위기 좋은 레스토랑 추천해주세요.,없음,광화문,분위기 좋은 레스토랑
서울 근교에 갈만한 곳이 있을까요?,없음,서울,갈만한 곳
신촌이나 홍대쪽에 맛있는 고깃집 좀 알려주세요.,없음,신촌,고기
인천공항에서 가까운 호텔이 어디야?,없음,인천공항,없음
내일 뭐 먹지?,저녁,서울,없음
서울대학교 앞 맛집 추천해주세요.,없음,서울대학교 앞,없음
혹시 강남쪽에 괜찮은 스시야가 있을까요?,없음,강남구,스시야
"제주도 여행을 가려고 하는데, 맛집이나 관광지 추천해주세요.",없음,제주도,없음
강남역 근처에서 점심 먹을만한 곳 있나요?,점심,강남역,없음
내일 저녁 약속이 있는데 어디가 좋을까요?,저녁,강남역,"양식, 한식"
강남역 근처에 맛있는 라멘집 있나요?,없음,강남역,라멘
성수동에 분위기 좋은 카페를 알고 싶어요.,없음,성수동,카페
오늘은 뭐 먹지?,없음,없음,없음
서울 근교 드라이브 코스 추천해주세요.,없음,서울,드라이브 코스
한양대역 근처에 있는 카페 중에 공부하기 좋은 곳 있나요?,없음,한양대학교,공부하기 좋은 카페
강남역에서 점심 먹을 만한 곳 추천해주세요.,점심,강남역,없음
사당역 부근의 맛있는 파스타집을 추천해주세요.,없음,사당역,맛있는 파스타집
강남역에서 소개팅하기 좋은 레스토랑 좀 알려줘.,없음,강남역,소개팅 장소
"고기가 먹고 싶은데, 어디서 먹지?",저녁,없음,고기
이태원에서 데이트할 때 가볼 만한 곳 있나요?,없음,이태원,데이트 코스
요즘 핫한 곳 어디에요?,없음,없음,핫한 곳
강남역 주변에 괜찮은 술집 좀 알려줄래?,저녁,강남역,술 마시기 좋은 곳
강남역 주변 회식 장소 추천해주세요.,없음,강남역,회식 장소
강남역 혼밥하기 좋은 곳 추천해주세요.,없음,강남역,혼밥
강남역에 맛있는 고깃집 알려주세요~,없음,강남역,고기
주말에 친구랑 같이 가기 좋은 이태원 카페 추천해줘.,없음,이태원,친구와 함께 방문하기 좋은 카페
서울에서 저녁에 갈만한 분위기 좋은 레스토랑을 알려주세요.,저녁,서울,분위기 좋은 레스토랑
홍대 맛집 추천해주세요.,없음,홍대입구역,없음
혹시 서울 근교에 괜찮은 카페가 있을까요?,없음,서울,분위기 좋은 카페
점심은 뭐 먹지?,점심,없음,없음
강남역 근처에 가성비 좋은 횟집이 있을까요?,저녁,강남역,횟집
강남역 맛집 알려주세요!,없음,강남역,없음
이 근처에 괜찮은 식당이 있나요?,점심,없음,없음
가성비 좋은 스테이크 집을 추천해주세요.,점심,강남역,가성비 좋은 스테이크
강남역 근처에 맛있는 중국집 있나요?,없음,강남역,중국음식
강남역 근처에서 회식하기 좋은 장소가 있을까요?,없음,서울 강남역,회식장소
강남역 주변에서 점심으로 먹을만한 음식점이 있나요?,없음,강남역,없음
서울 근교의 경치 좋은 카페를 찾고 있습니다. 어디가 좋을까요?,없음,서울,경치 좋은 카페
"이태원, 한남동 쪽에 분위기 좋은 레스토랑 추천해주세요.",없음,이태원,분위기가 좋아야 함
이태원역 근처의 괜찮은 레스토랑을 알려주세요.,없음,이태원역,괜찮은 레스토랑
이번 주말에 가족과 함께 갈만한 식당 좀 추천해 주세요.,없음,서울,가족과 함께 갈 만한 곳
강남역근처의 맛있는 식당 알려주세요!,점심,강남역,없음
홍대에서 데이트하기 좋은 분위기 좋은 레스토랑 추천해주세요.,없음,홍대,레스토랑
오늘 저녁에 가족들과 함께 갈 만한 식당을 추천해 주세요.,없음,없음,없음
홍대에서 분위기 좋은 술집 알려줘.,저녁,홍대,분위기 좋은 술집
강남역 근처에 분위기 좋은 레스토랑이 있을까요?,없음,강남역,분위기 좋은 레스토랑
지금 어디서 뭘 하고 있지?,없음,없음,없음
강남역 주변에 혼밥하기 좋은 식당 있나요?,없음,강남역,혼밥
이 주변에 맛있는 파스타집 없나요?,점심,없음,파스타
한양대 주변에 혼밥하기 좋은 식당 좀 알려주라.,없음,한양대학교,혼밥 가능한 식당
강남역 근처에 맛있는 중국집 좀 소개시켜 주세요.,없음,강남역,맛있는 중국집
강남역에서 여자친구랑 데이트하기 좋은 맛집좀 알려주세요!!,없음,강남역,데이트 장소
이태원 데이트 코스 짜줘.,없음,이태원,데이트 코스
어디서 먹을까?,없음,없음,없음
강남역 주변에 분위기 좋은 파스타 집 있나요?,점심,강남역,분위기 좋은 파스타
강남역 맛집을 검색하고 싶어요.,없음,강남역,없음
어디가 맛있을까요?,없음,없음,없음
"강남역에서 친구랑 저녁 먹을 건데, 분위기 좋고 맛있는 레스토랑 추천해주세요!",없음,강남역,없음
가로수길이나 압구정로데오쪽에 맛집추천좀 해주세요~,없음,가로수길,없음
오늘 저녁 뭐 먹지?,저녁,없음,없음
강남역 주변의 맛있는 고기집을 알려주세요.,없음,강남역,고기가 맛있어야 함
혹시 여기가 어딘지 아시나요?,없음,없음,사진 속 장소를 찾아주세요.
수원 영통구 쪽에 괜찮은 초밥집 있나요?,없음,수원 영통구,초밥
밥은 먹고 다니냐?,없음,없음,없음
서울 근교로 놀러갈만한 곳 없을까요?,없음,서울,놀러갈만한 곳
홍대입구역 주변에 혼밥할만한곳 있나요?,없음,홍대입구역,혼밥
오늘 점심은 뭘 먹을까요?,없음,없음,없음
강남역 주변에 혼밥하기 좋은 곳 알려주세요.,없음,강남역,혼밥
강남역 주변에 맛집 추천해주세요~,없음,강남역,없음
홍대입구역 근처 맛있는 라멘집 알려주세요.,점심,홍대입구역,일본식 라멘
강남역 근처에 괜찮은 카페 있나요?,없음,강남역,카페
강남역 맛집 알려주세요.,점심,강남역,없음
압구정로데오역 근처에 혼밥하기 좋은 곳이 있을까요?,없음,압구정로데오역,혼밥
강남역 근처에 분위기 좋은 레스토랑을 찾고 있어요. 추천해주세요.,저녁,강남역,레스토랑
강남역 주변에 괜찮은 일식집 있을까요?,없음,강남역,일식집
맛있는 음식점을 찾고 싶어요.,없음,없음,없음
서울에서 가장 맛있는 파스타집은 어디인가요?,없음,서울 전역,파스타
서울 근교 드라이브 코스 추천해주세요.,없음,서울,드라이브
점심으로 먹기 좋은 곳은 어디인가요?,점심,없음,없음
강남역 주변에 괜찮은 카페 있나요?,없음,강남역,카페
강남역 주변에 괜찮은 이자카야 있나요?,없음,강남역,이자카야
요즘 핫한 레스토랑을 추천해주세요.,없음,없음,유명한 레스토랑
강남역에서 가까운 맛집 좀 알려줘요.,없음,강남역,없음
서울역 근처의 분위기 좋은 카페를 추천해 주세요.,없음,서울역,분위기 좋은 카페
강남역 주변에 분위기 좋은 레스토랑을 추천해주세요.,없음,강남역,분위기 좋은 레스토랑
강남쪽에 맛있는 족발집 있나요?,없음,강남,족발
강남에서 점심 먹을 만한 곳 추천해줘.,점심,강남구,없음
강남에서 소개팅하는데 분위기 좋은 레스토랑 없을까?,없음,강남구,데이트하기 좋은 곳
을지로입구역 근처에서 회식할만한 장소 알려줘.,저녁,을지로입구역,회식
서울에 있는 분위기 좋은 레스토랑 좀 알려주세요.,없음,서울,분위기 좋은 레스토랑
강남역 근처에서 소개팅하기 좋은 레스토랑 알려주세요.,없음,강남역,소개팅 장소
홍대입구역근처로 혼밥하기좋은곳 알려주세요!,없음,홍대입구역,혼밥
가로수길 데이트 코스 추천해주세요.,없음,신사동 가로수길,데이트 코스
오늘 점심은 어디서 먹을까요?,점심,없음,없음
신림사거리 순대타운 말고 다른 맛집 아는 사람?,없음,신림사거리,순대타운 제외
강남역 주변의 분위기 좋은 레스토랑을 알려주세요.,저녁,강남역,분위기 좋은 레스토랑
강남역에서 친구들과 함께 갈만한 분위기 좋은 술집 추천해주세요.,저녁,강남역,분위기 좋은 술집
홍대근처에 분위기 좋고 조용한 술집 추천해주세요.,저녁,홍대입구역,조용하고 분위기 좋은 술집
강남역 주변 점심으로 먹기 좋은 곳 알려주세요~,점심,강남역,없음
강남역 주변 맛집 추천해주세요!,없음,강남역,없음
서울 근교로 놀러가려고 하는데 어디가 좋을까요?,없음,서울,갈만한 곳
왕십리 6번출구 쪽에 있는 카페 이름이 뭐였지?,없음,왕십리,카페이름
강남역 주변에 괜찮은 횟집 있나요?,없음,강남역,횟집
부산 해운대 맛집 추천해주세요.,없음,부산 해운대,없음
회사 회식 장소로 적당한 강남역 맛집을 알려주세요.,없음,강남역,회사 회식 장소
강남역 주변으로 해서 회식장소로 좋은 곳 알려주세요!,없음,강남역,회식장소
오늘 날씨 어때?,없음,없음,없음
홍대입구역 근처에서 가성비 좋은 맛집 추천해주세요.,없음,홍대입구역,없음
홍대입구역 근처 맛집 알려주세요.,점심,홍대입구역,없음
강남역 근처에서 회식할만한 곳 추천해주세요.,저녁,강남역,회식장소
서울에서 괜찮은 한정식 집을 추천해주세요.,없음,서울,한정식
서울에서 가장 맛있는 곱창집은 어디인가요?,없음,서울,곱창
역삼역 근처 괜찮은 횟집 알려주세요.,없음,역삼역,괜찮은 횟집
강남역 주변에 혼밥하기 좋은 곳 알려주세요!,없음,강남역,혼밥
제주도 여행코스 추천해주세요.,없음,제주도,없음
서울 근교로 놀러가기 좋은 곳이 어디있을까요?,없음,서울,여행지
강남역 근처에 맛있는 곱창집이 있나요?,없음,강남역,곱창
왕십리 엔터식스에서 영화보고 밥먹을건데 뭐가 맛있나요?,없음,왕십리 엔터식스,없음
강남역 주변에 분위기 좋은 레스토랑이 있을까요?,없음,강남역,분위기 좋은 레스토랑
"강남역에서 친구들과 술 한잔 하려고 하는데, 괜찮은 곳 있을까요?",저녁,강남역,술집
오늘 저녁은 뭐먹지?,없음,없음,없음
강남에서 가장 핫한 클럽은 어디인가요?,없음,강남,클럽
강남역 주변에 분위기 좋은 레스토랑 좀 알려줘.,없음,강남역,분위기가 좋아야 함
강남역 주변에 맛집 좀 알려주세요.,저녁,강남역,없음
홍대입구역 근처에 혼밥하기 좋은 곳 있나요?,없음,홍대입구역,혼밥
강남구청역 주변에 회식하기 좋은 곳 알려주세요!!,없음,강남구청역,회식장소
건대 입구쪽에 분위기 좋은 술집 있나요?,저녁,건대 입구근처,분위기 좋은 술집
저녁으로 먹을만한거 추천해줘.,저녁,없음,없음
홍대입구역근처 조용한 카페 추천해줘!,없음,홍대입구역,조용한 카페
홍대에서 소개팅하기 좋은 장소 좀 알려주세요.,없음,홍대,소개팅 하기 좋은 장소
압구정로데오역 근처에 스테이크 맛있게 하는 가게좀 알려주세요.,없음,압구정로데오역,스테이크
이번주 토요일날 홍대에서 친구들이랑 놀기로 했는데 분위기 좋고 안주 맛있는 술집 추천해주세요.,저녁,홍대,"분위기, 안주"
왕십리역 주변의 떡볶이 맛집 알려주세요.,없음,왕십리역,떡볶이
강남역 맛집 추천해주세요.,없음,강남역,없음
오늘 점심은 뭐먹지?,점심,없음,없음
강남역 주변에 분위기 좋은 레스토랑 좀 알려주세요.,저녁,강남역,분위기 좋은 레스토랑
오늘 점심 뭐 먹지?,점심,없음,없음
강남역 근처에 분위기 좋은 레스토랑 있나요?,없음,강남역,분위기 좋은 레스토랑
요즘 뜨는 핫플레이스가 어디야?,없음,없음,없음
강남역 주변에 맛있는 파스타집 알려줘.,없음,강남역,파스타
여기 근처에서 저녁을 해결해야 하는데 어디로 가지?,저녁,없음,없음
강남에서 혼밥하기 좋은 식당 알려주세요!,없음,강남,혼밥
여기 근처에서 저녁을 해결해야 하는데 어디로 가지?,저녁,없음,없음
지금까지 먹어본 가장 맛있는 햄버거는 무엇인가요?,없음,없음,자신이 먹어본 가장 맛있는 햄버거
서울 시내의 괜찮은 중식당(중식 레스토랑)을 알려주세요.,없음,서울시내,중식당
홍대입구역 근처 분위기 좋은 카페 추천해주세요.,없음,홍대입구역,분위기 좋은 카페
분위기 좋은 카페 알려주세요.,없음,없음,분위기 좋은 카페
종로3가쪽에 갈만한 술집있나요?,저녁,종로3가,술집
서울 근교에 드라이브 갈만한 곳이 있을까요?,없음,서울,드라이브
강남역 주변에 있는 일식집 중에 괜찮은 곳 추천해 주세요.,없음,강남역,일식집
강남역근처로 혼밥하기 좋은 곳 알려주세요!,없음,강남역,혼밥
서울역 근처 가성비 좋은 스시집 있나요?,없음,서울역,가성비 좋은 스시집
강남역 근처의 이탈리안 레스토랑 중 제일 맛있는 곳은 어디야?,점심,강남역,이탈리안 레스토랑
강남구청역 주변 점심메뉴 추천좀 해주세요~,없음,강남구청역,없음
오늘은 어디서 밥을 먹을까?,점심,없음,없음
강남역에서 점심으로 먹을만한거 뭐있을까요?,없음,강남역,없음
한양대병원 주변에 맛집 추천해주세요~,없음,한양대학교 병원,없음
서울대학교 근처 카페 추천해줘.,없음,서울대학교,카페
홍대입구역 근처에 점심으로 먹기 좋은 곳 있나요?,없음,홍대입구역,없음
홍대입구역 근처 맛있는 파스타집 알려줘.,없음,홍대입구역,맛있는 파스타집
강남역 근처에 혼밥하기 좋은 곳이 어디가 있을까요?,없음,강남역,혼밥
강남역 근처에 맛있는 고기집 좀 추천해주세요.,없음,강남역,고기집
서울에 괜찮은 뷔페가 있나요?,점심,서울,뷔페
강남역에서 가까운 호텔 뷔페가 어디인가요?,없음,강남역,호텔 뷔페
강남역 근처에 점심 먹기 좋은 맛집 좀 소개해주세요.,점심,강남역,없음
강남역 근처에 일본식 라멘을 먹을 수 있는 맛집이 어디인가요?,없음,강남역,일본식 라멘
고기가 먹고 싶어요. 어디가 맛있을까요?,없음,없음,고기
용인에서 저녁 먹을 수 있는 분위기 좋은 식당 추천해주세요.,없음,용인,분위기 좋은 식당
치킨에 맥주를 마실 수 있는 곳은 어디가 좋을까요?,없음,없음,치맥
부산역 근처 밀면집 추천해주세요.,없음,부산역,밀면
강남역 주변에 소개팅 할만한 장소 있어?,없음,강남역,소개팅
강남역 부근 맛집 알려주세요.,없음,강남역,없음
이태원이나 한남동 쪽에 분위기 좋은 레스토랑 있나요?,없음,이태원,분위기 좋은 레스토랑
서울역 근처 분위기 좋은 레스토랑 추천해줘.,저녁,서울역,분위기 좋은 레스토랑
압구정로데오쪽에 분위기 좋고 맛있는 레스토랑 있나요?,없음,압구정로데오,없음
강남역에서 소개팅할건데 분위기 좋은 레스토랑 추천해주세요!,없음,강남역,분위기 좋은 레스토랑
강남역에 괜찮은 스시집이 있나요?,없음,강남역,스시
분위기 좋은 식당 추천해주세요.,점심,없음,분위기 좋은 곳
강남역 근처에 괜찮은 이자카야 있나요?,저녁,강남역,이자카야
서울시청 주변에 혼밥할만한 곳이 어디있을까요?,없음,서울시청,혼밥
강남역 주변 회식 장소 추천해주세요.,없음,강남역,회식장소
홍대에 분위기 좋은 술집 있나요?,저녁,홍대,분위기
강남구청역이나 압구정로데오역 쪽에 맛집 좀 알려주세요~,저녁,강남구청역,없음
강남역 근처에 괜찮은 술집 알려줘.,저녁,강남역,"이자카야, 맥주집 등"
광화문 근처 맛집 추천해주세요.,없음,광화문,없음
"부산으로 출장 가는데, 괜찮은 호텔 좀 찾아줘.",없음,부산,비즈니스 호텔
강남역 주변에 괜찮은 식당 없나요?,점심,강남역,없음
가로수길 쪽에 점심으로 먹기 좋은 곳 추천해주세요!,없음,가로수길,없음
서울대학교병원 근처에 맛있는 집 있나요?,점심,서울대학교병원,맛이 좋아야 함
강남역에서 밥먹을만한 곳이 어디있을까요?,점심,강남역,밥집
한양대 앞인데 맛있는거 추천좀 해줘!,없음,한양대학교,없음
홍대입구역 근처에 점심 먹기 좋은 곳 어디야?,없음,홍대입구역,없음
홍대입구역 주변에 혼밥하기 좋은 식당 있을까요?,없음,홍대입구역,혼밥 가능한 식당
"광화문, 종로쪽에 괜찮은 스시야가 있을까요?",점심,광화문,스시야
내일 저녁으로 먹기 좋은거 추천해주세요!,저녁,왕십리,양식 제외
홍대입구역에 분위기 좋은 술집 있나요?,저녁,홍대입구역,술집
여기서 가장 가까운 편의점은 어디야?,없음,없음,편의점
이번 주말에 가족끼리 외식하러 갈건데 추천 좀 해줘!,점심,없음,없음
홍대입구역 쪽에 분위기 좋은 술집 좀 알려줘!,저녁,홍대입구역,분위기 좋은 술집
강남역에서 점심 먹을만한 곳 추천해주세요.,없음,강남역,없음
강남역 근처에 분위기 좋은 레스토랑 있나요?,없음,강남역,분위기 좋은 레스토랑
내일 저녁 6시쯤 강남역 부근에서 식사할건데 메뉴 좀 추천해줘.,저녁,강남역,양식 제외
강남역에서 가까운 횟집 괜찮은 곳 어디 없나요?,없음,강남역,횟집
요즘 핫한 술집 어디인가요?,저녁,없음,술
강남역에서 소개팅할만한 장소 좀 추천해주세요.,없음,강남역,소개팅하기 좋은 곳
강남역 주변에 분위기 좋은 술집 좀 알려주세요.,저녁,강남역,분위기 좋은 술집
내일 날씨 어때?,없음,서울특별시,기상정보
강남역 근처에 괜찮은 술집 있나요?,저녁,강남역,술집
이번에 친구들이랑 부산여행을 가는데 코스 좀 짜주세요!,없음,부산,1박 2일 일정의 여행코스
서울 근교에 드라이브 코스 추천해주세요.,없음,서울,드라이브 코스
내일 점심은 어디서 먹지?,점심,없음,없음
강남역에서 소개팅하기 좋은 레스토랑을 추천해주세요.,없음,강남역,레스토랑
"저기, 혹시 여기서 가까운 식당이 어디인지 아세요?",없음,없음,없음
강남역에서 친구랑 밥먹을건데 뭐가 맛있을까요??,없음,강남역,없음
가로수길에서 소개팅하기 좋은 레스토랑 추천해줘.,없음,가로수길,소개팅하기 좋은 레스토랑
맛있는 고깃집 추천해주세요.,없음,없음,없음
강남에서 점심 먹을만한거 추천좀 해줘!,없음,강남,없음
다음 중 가장 가까운 지하철역은 어디인가요?,없음,없음,지도에 표시된 위치와 가장 가까운 지하철역
사당역 근처에 혼밥하기 좋은 곳 있나요?,없음,사당역,혼밥 가능한 곳
이 근처에 괜찮은 술집이 있을까요?,저녁,없음,없음
홍대에서 놀만한 곳 추천해주세요!,없음,홍대,놀만한 곳
신촌역 주변에 혼밥하기 좋은 곳을 알려주세요.,없음,신촌역,혼밥하기 좋은 곳
홍대입구역 근처에 괜찮은 카페가 있나요?,없음,홍대입구역,카페
강남역 주변 맛집 좀 알려주세요!,없음,강남역,없음
압구정로데오역 근처의 한식집 추천해주세요.,없음,압구정로데오역,한식집
다음주 토요일 점심으로 갈만한 곳 찾아줘.,점심,서울 마포구,없음
강남구청 쪽에 괜찮은 카페나 빵집이 있을까요?,없음,강남구청,"카페, 빵집"
강남역 근처에 삼겹살 맛집을 알려주세요.,저녁,강남역,삼겹살
연남동 주변에 분위기 좋은 와인바 추천해주세요.,없음,연남동,분위기 좋은 와인바
부산에 놀러왔는데 회를 먹고 싶은데 어디가 좋을까요?,점심,부산,회
부산에서 맛있는 집 알려줘.,없음,부산,없음
제주도 여행 코스 추천해주세요.,없음,제주도,없음
홍대입구역 근처 분위기 좋은 술집 알려주세요~,저녁,홍대입구역,분위기 좋은 술집
서울에서 괜찮은 오마카세 알려주세요!,없음,서울,오마카세
서울역 근방 맛집 추천 부탁드립니다.,없음,서울역 근방,없음
강남역 근처에 분위기 좋은 레스토랑 있나요?,없음,강남역,분위기가 좋아야 함
서울 근교로 놀러갈만한 곳 있나요?,없음,서울,놀러갈만한 곳
서울 근교 드라이브 코스 추천해주세요.,없음,서울,드라이브 코스
서울에서 가장 좋은 호텔은 어디인가요?,없음,서울 전역,최고급 호텔
강남역 근처에 회식하기 좋은 곳을 알려주세요.,없음,강남역,회식장소
강남역 근처 맛집 알려주세요.,저녁,강남역,없음
강남역 근처에 분위기 좋은 레스토랑 있나요?,없음,강남역,분위기 좋은 레스토랑
다음 중 가장 맛있는 것을 고르시오.,없음,서울 어딘가,1) 고기 2) 회 3) 치킨 4) 피자
신논현역 근처의 점심으로 괜찮은 식당이 있을까요?,점심,신논현역,없음
"지금 강남역에서 친구들이랑 놀고 있는데, 분위기 좋은 술집 추천좀 해줘.",저녁,강남역,분위기 좋은 술집
강남역 주변에 괜찮은 횟집 좀 알려줄래?,없음,강남역,횟집
강남역 근처에 점심으로 파스타를 먹을 수 있는 레스토랑이 있을까요?,점심,강남역,파스타
강남역 근처에 맛있는 중국집 있나요?,점심,강남역,맛있는 중국집
강남역에서 소개팅하기 좋은 곳 어디 있나요?,없음,강남역,소개팅
오늘 점심은 뭐 먹지?,점심,없음,없음
오늘 저녁은 뭘 먹을까?,없음,없음,없음
서울 근교로 드라이브 가기 좋은 곳 추천해 주세요!,없음,서울,드라이브
신촌역 근처에 혼밥할만한 식당 있어?,없음,신촌역,혼밥
강남역에 회식하기 좋은 곳 알려주세요!,없음,강남역,회식장소
강남역에서 소개팅 할건데 분위기 좋은 맛집 좀 소개시켜주세요.,없음,강남역,소개팅 장소
홍대입구역 근처의 분위기 좋은 카페 추천해주세요.,없음,홍대입구역,분위기가 좋아야 함
강남역에서 혼밥하기 좋은곳 알려주세요!,없음,강남역,혼밥
"광화문, 경복궁 근처의 분위기 좋은 카페 추천해주세요.",없음,광화문,분위기 좋은 카페
서울에서 데이트 하기 좋은곳 알려주세요~,없음,서울,데이트 장소
오늘 점심은 뭐 먹지?,점심,없음,없음
강남역 근처에 혼술하기 좋은 술집 좀 알려줄래?,저녁,강남역,혼술하기 좋은 장소
오늘 점심은 뭐 먹지?,점심,서울,없음
강남역 근처에 삼겹살 맛집 찾아줘.,저녁,강남역,삼겹살
내일 저녁에 친구랑 갈만한 분위기 좋은 술집 좀 알려주세요.,저녁,서울,분위기 좋은 술집
홍대입구역 근처에 분위기 좋은 카페 있나요?,없음,홍대입구역,분위기 좋은 카페
내일 점심 때 갈만한 한식집 추천해줘.,점심,없음,한식
홍대입구역 근처 괜찮은 카페 어디 있을까요?,없음,홍대입구역,카페
서울에서 제일 맛있는 음식점 알려주세요~,없음,서울,없음
강남역 근처에 맛있는 파스타집 있나요?,점심,강남역,맛있는 파스타집
강남역 주변에 분위기 좋은 레스토랑을 알고 싶어요.,없음,강남역,분위기 좋은 레스토랑
신촌에서 소개팅하기 좋은 장소 좀 알려주세요.,없음,신촌,소개팅
강남역 근처에 조용한 카페 있나요?,없음,강남역,조용한 카페
서울에서 맛있는 고깃집 추천해주세요.,없음,서울,맛있는 고깃집
강남역 주변 맛집 추천해줘.,없음,강남역,없음
강남역 근처에 주차 가능한 카페 있나요?,없음,강남역,주차 가능
가로수길 주변에 분위기 좋은 카페 있나요?,없음,가로수길,분위기 좋은 카페
서울역 근처 맛집 알려주세요.,없음,서울역,"한식, 양식, 일식 등 다양한 종류의 식당"
이태원역 근처에 분위기 좋은 술집 있나요?,저녁,이태원역,분위기 좋은 술집
강남역 주변 맛집 알려주세요.,없음,강남역,없음
혹시 홍대근처에 맛집이 있나요?,없음,홍대,없음
서울 근교로 1박2일 여행지 추천해주세요.,없음,서울,1박2일
오늘 저녁은 뭐 먹지?,없음,없음,없음
서울시 영등포구 당산동0가 에 맛있는 횟집 있나요?,없음,당산동,맛있는 횟집
강남에서 데이트하기 좋은 레스토랑이 어디야?,없음,강남,데이트하기 좋은 레스토랑
강남역 근처에서 파스타가 맛있는 곳 추천해주세요.,없음,강남역,파스타
홍대입구역 근처에 분위기 좋은 카페를 찾고 있어요.,없음,홍대입구역,분위기 좋은 카페
다음 주 토요일 오전 11시에 브런치 먹을 만한 곳 추천해줘.,점심,없음,브런치
이태원에서 와인마시기 좋은 곳 추천해주세요~,없음,이태원,와인 마시기 좋은 곳
내일 아침으로 뭘 먹을까?,아침,없음,없음
서울에서 혼자 밥 먹기 좋은 식당은 어디인가요?,점심,서울,혼밥
강남역 근처에 혼밥하기 좋은 식당 있나요?,없음,강남역,혼밥하기 좋은 식당
강남역에서 소개팅하기 좋은 레스토랑을 추천해주세요.,없음,강남역,소개팅하기 좋은 레스토랑
서울역 근처에 분위기 좋은 카페를 찾고 있어요. 추천해주세요.,저녁,서울역,분위기 좋은 카페
맛있는 집을 찾고 있습니다.,없음,없음,없음
강남역 주변에 맛있는 삼겹살집 있어?,없음,강남역,맛있어야 함
점심으로 뭐 먹지?,점심,없음,없음
이태원 경리단길 분위기 좋은 레스토랑 추천해주세요.,없음,이태원 경리단길,분위기 좋은 레스토랑
강남에서 가성비 좋은 파스타집 추천해주세요.,없음,강남구,없음
이태원역 근처에 괜찮은 바가 있나요?,없음,이태원역,괜찮은 바
이 근처에 맛있는 식당이 어디죠?,없음,없음,없음
홍대입구역 근처에 분위기 좋은 카페 추천해주세요.,없음,홍대입구역,분위기 좋은 카페
강남역 근처 혼밥하기 좋은 곳 알려주세요.,없음,강남역,혼밥하기 좋은 곳
강남역근처에서 혼밥할건데 뭐먹을까요??,없음,강남역,혼밥
오늘은 뭐 먹지?,점심,없음,없음
신촌에서 혼밥할만한 곳 있나요?,없음,신촌,혼밥
강남역 주변에 분위기 좋은 레스토랑 있나요?,없음,강남역,분위기 좋은 레스토랑
서울의 야경을 볼 수 있는 곳은 어디인가요?,없음,서울,야경
강남역 근처에 맛있는 스시집 좀 찾아줘.,없음,강남역,맛있는 스시집
광화문 근처에서 점심 먹을만한 곳 있나요?,점심,광화문,없음
점심으로 먹기 좋은 메뉴는 무엇일까요?,없음,없음,없음
홍대입구역 근처에 점심으로 가볍게 먹을 수 있는 음식점 추천해주세요.,없음,홍대입구역,없음
내일 오전 11시에 강남역 부근에서 맛있는 파스타집 알려주세요.,점심,강남역,맛있는 파스타집
오늘 점심 뭐 먹을까?,점심,서울,없음
서울 근교의 맛집 알려주세요.,없음,서울,없음
여기 주변에 맛집 뭐있어?,없음,없음,없음
이번 주말에 친구랑 놀러갈 만한 곳 추천해주세요.,없음,서울,나들이 장소
강남구청역 근처에서 점심 먹을건데 메뉴 추천 해주세요~,없음,강남구청역,없음
강남역 근처에서 저녁으로 먹기 좋은 맛집 있나요?,저녁,강남역,없음
이태원 경리단길 루프탑 카페 추천해주세요.,없음,이태원 경리단길,루프탑 카페
강남역에서 데이트 하기 좋은 맛집 추천해주세요.,저녁,강남역,데이트 장소
서울역 근처 분위기 좋은 레스토랑 추천해주세요!,없음,서울역,분위기 좋은 레스토랑
홍대입구역 근처에 분위기 좋은 술집 있나요?,저녁,홍대입구역,분위기 좋은 술집
이태원동 경리단길 쪽에 분위기 좋은 레스토랑 좀 알려줄래?,점심,이태원동 경리단길,분위기 좋은 레스토랑
강남역 근처에 맛있는 파스타집 있나요?,없음,강남역,맛있는 파스타
오늘은 뭐 먹지?,점심,없음,없음
종로3가 맛집 알려주세요~,없음,종로3가,없음
강남역에서 가까운 분위기 좋은 레스토랑 추천해주세요.,점심,강남역,분위기 좋은 레스토랑
강남역근처분위기좋은레스토랑추천해주세요!,없음,강남역,분위기 좋은 레스토랑
홍대입구역 근처에 괜찮은 이자카야가 있을까요?,없음,홍대입구역,이자카야
압구정로데오쪽에 마라탕 맛집이 있을까요?,없음,압구정로데오 쪽,마라탕
오늘 점심은 뭐 먹지?,점심,없음,없음
서울에서 혼자 갈만한 술집 좀 알려주세요.,저녁,서울,혼자서 방문할 수 있는 곳
홍대입구역 주변에 분위기 좋은 카페가 있나요?,없음,홍대입구역,분위기 좋은 카페
건대입구쪽에 혼밥하기 좋은 곳 알려주세요.,없음,건대입구 쪽,혼밥하기 좋은 곳
강남구청역 근처에 괜찮은 횟집 있나요?,저녁,강남구청역,횟집
가로수길 근처 맛있는 디저트집 있나요?,없음,가로수길 근방,디저트
서울역 맛집 알려주세요!,없음,서울역,없음
홍대입구역 근처에 맛있는 곱창집 알려주세요.,없음,홍대입구역,곱창
인천공항 제1터미널 주변의 괜찮은 레스토랑을 알려주세요.,없음,인천공항 제1터미널,괜찮은 레스토랑
제주도 여행 코스 좀 짜주세요.,없음,제주도,없음
성수동에서 맛있는 파스타집을 찾아줘.,없음,성수동,맛있는 파스타
오늘 점심은 뭐 먹지?,없음,없음,없음
강남역 근처에 분위기 좋은 술집 있나요?,저녁,강남역,분위기 좋은 술집
강남역 주변에 맛집 좀 알려줘.,점심,강남역,없음
압구정로데오 맛집 좀 알려주세요~!!,없음,압구정로데오,없음
을지로3가역 근처에 가성비좋은 백반집 있나요?,없음,을지로3가역,가성비 좋은 백반집
홍대입구역 근처에 점심으로 먹기 좋은 식당 있나요?,점심,홍대입구역,"한식, 일식 등"
서울에 놀러왔는데 추천할 만한 곳 있어?,없음,서울,없음
홍대입구역 주변에 괜찮은 술집 있나요?,저녁,홍대입구역,술
강남역 주변의 분위기 좋은 레스토랑 알려주세요.,저녁,강남역,분위기 좋은 레스토랑
홍대에 있는 분위기 좋은 술집 알려주세요~,저녁,홍대,분위기 좋은 술집
용산 아이파크몰에서 뭐 먹지?,없음,용산 아이파크몰,없음
혹시 여기서 가까운 곳에 괜찮은 식당이 있나요?,없음,없음,없음
제주도 여행코스 짜는데 어디가 좋을까요?,없음,제주도,없음
강남역 주변에 괜찮은 술집 있나요?,저녁,강남역,괜찮은 술집
점심으로 먹을 만한 맛집 알려줘!,없음,없음,없음
점심은 뭐 먹지?,점심,없음,없음
서울 시내에서 갈만한 카페를 찾고 있습니다.,없음,서울 시내,분위기 좋고 커피 맛도 괜찮은 곳
홍대입구역 주변에 맛있는 파스타집이 어디있나요?,없음,홍대입구역,맛있는 파스타
배고픈데 뭘 먹어야 할까요?,없음,없음,없음
서울에 맛있는 냉면집 알려주세요.,점심,서울,냉면
강남역에서 점심 먹을만한 곳 좀 알려주세요.,없음,강남역,없음
여의도역 주변 괜찮은 고기집 알려주세요~,저녁,여의도역,고기
서울에서 갈만한 전시회나 미술관 알려주세요!,없음,서울,"전시회, 미술관"
이 주변에 괜찮은 식당이 어디인가요?,없음,없음,없음
서울 근교 드라이브 코스 추천해주세요.,없음,서울,드라이브 코스
서울역 근처의 괜찮은 호텔을 찾아줘.,없음,서울역,5성급 호텔
강남구청역 쪽에 괜찮은 횟집 있나요?,없음,강남구청역,회
강남역 주변에 맛집 있나요?,없음,강남역,없음
오늘 점심은 뭐가 좋을까요?,점심,서울 전역,없음
을지로3가역 주변에 점심식사 할만한 곳 있나요?,없음,을지로3가역,없음
오늘 점심 뭐 먹지?,점심,없음,없음
오늘 회식하는데 강남역 주변 맛집 좀 찾아봐줘!,없음,강남역,없음
홍대입구역 근처 혼밥하기 좋은 곳 알려주세요.,없음,홍대입구역,혼밥 가능한 곳
가로수길에서 소개팅하기 좋은 장소 좀 알려주세요.,없음,가로수길,소개팅 하기 좋은 장소
오늘 날씨가 너무 더워서 시원한 냉면이 먹고 싶어요. 서울의 맛있는 냉면집 알려주세요.,없음,서울,"물냉면, 비빔냉면 등"
서울에서 갈만한 곳 추천해주세요~,없음,서울,갈만한 곳
점심에 먹기 좋은 한식집 추천해주세요.,점심,홍대입구역,한식
강남역 주변에 혼밥하기 좋은 식당 있나요?,없음,강남역,혼밥
강남역이나 신논현역 근처에 있는 맛집을 알고 싶어요.,없음,강남역,없음
왕십리역 근처에 괜찮은 카페 있나요?,없음,왕십리역,카페
부산 해운대구 쪽에 혼밥할만한 곳 있나요?,없음,부산 해운대구,혼밥
요즘에 어떤 책을 읽고 있어요?,없음,없음,최근 독서 목록
강남역 근처에 점심으로 먹기 좋은 음식점이 어디일까요?,점심,강남역,없음
서울 근교로 드라이브 갈 만한 곳이 있을까요?,없음,서울,드라이브
강남역에서 회식하기 좋은 곳 알려주세요.,없음,강남역,회식 장소
서울 근교 드라이브 코스 알려줘.,없음,서울,드라이브
강남역 주변에 괜찮은 술집 있나요?,저녁,강남역,술 마시기 좋은 곳
종로구 쪽에 괜찮은 초밥집이 어디있나요?,없음,종로구,초밥
신촌이나 홍대 쪽에 분위기 좋은 술집 있나요?,저녁,신촌,분위기 좋은 술집
강남역 주변에 괜찮은 이자카야 있어?,없음,강남역,이자카야
요즘 핫한 연남동 맛집 추천해주세요.,없음,연남동,없음
서울 근교 드라이브 코스 추천해주세요.,없음,서울,드라이브 코스
강남역이나 신논현역 주변에 맛있는 파스타집 있나요?,없음,강남역,없음
강남역 주변에 혼밥할 만한 식당을 알려주세요.,없음,강남역,혼밥 가능한 식당
강남역 주변 맛집 추천해줘.,없음,강남역,없음
내일 점심으로 먹기 좋은 식당 알려주세요.,점심,없음,없음
요즘 핫한 디저트 가게가 어디야?,없음,없음,가장 핫한 디저트 가게
여기서 제일 가까운 지하철역이 어디야?,없음,없음,가장 가까운 지하철역
서울 근교 드라이브 코스 추천해주세요~,없음,서울,드라이브 코스
가로수길 주변에 분위기 좋은 카페 있나요?,없음,가로수길,분위기 좋은 카페
오늘 점심은 뭐 먹지?,점심,없음,없음
오늘 점심은 뭐 먹지?,점심,서울,모름
오늘 저녁은 뭘 먹을까요?,없음,없음,없음
오늘은 어디서 뭘 먹을까나~,없음,없음,없음
오늘 점심은 뭐 먹지?,점심,없음,없음
을지로3가역 근처에 분위기 좋은 카페 있나요?,없음,을지로3가역,분위기 좋은 카페
여기서 가장 가까운 역은 어디인가요?,없음,없음,지하철역
강남역 주변의 분위기 좋은 카페 좀 추천해주세요.,없음,강남역,분위기가 좋아야 함
홍대나 신촌 근처에서 저녁 먹을 곳 추천해주세요!,없음,홍대,없음
여기서 제일 가까운 지하철역이 어디야?,없음,없음,가장 가까운 지하철역
대전역 근처에 술을 마실 수 있는 분위기 좋은 바가 있을까요?,없음,대전역,분위기 좋은 술집
강남역 부근 점심식사 할 곳 추천해주세요.,없음,강남역,없음
강남역 근처의 맛있는 레스토랑을 알려주세요.,없음,강남역,레스토랑
치킨 어디가 맛있냐?,없음,없음,치킨
여자친구랑 데이트하기 좋은 곳 어디가 좋을까요?,없음,서울 전역,데이트 장소
서울에 분위기 좋은 레스토랑 알려주세요.,없음,서울,분위기 좋은 레스토랑
강남구청역 근처에 맛있는 라멘집이 어디죠?,없음,강남구청역,라멘
서울에 유명한 곱창집을 알려주세요.,없음,서울,곱창
혹시 홍대입구역 근처에 괜찮은 파스타집 있나요?,없음,홍대입구역,파스타
홍대에서 점심 먹을건데 어디가 좋을까요?,점심,홍대,없음
서울 근교 드라이브 코스 추천해주세요.,없음,서울,드라이브코스
한양대역 근처에 괜찮은 카페 추천해주세요.,없음,한양대학교,카페
지금 갈만한 분위기 좋은 술집 추천해줘.,저녁,없음,분위기 좋은 곳
일본여행 가는데 도쿄에 가면 꼭 가봐야 하는 곳 좀 알려주세요.,없음,도쿄,관광지
여자친구랑 같이 갈 만한 분위기 좋은 레스토랑 추천해주세요.,없음,없음,여자친구와 함께 갈 수 있는 분위기 좋은 레스토랑
저녁식사로 좋은 식당을 알려주세요.,저녁,없음,없음
강남역 맛집 추천해주세요.,없음,강남역,없음
홍대에 있는 분위기 좋은 레스토랑을 알려주세요.,없음,홍대,분위기 좋은 레스토랑
홍대입구역 근처에서 혼자 밥 먹을만한 곳 있나요?,없음,홍대입구역,혼자 밥 먹기 좋은 곳
강남역 근처에 괜찮은 식당 있나요?,없음,강남역,비싸지 않고 맛있는 곳
홍대에 분위기 좋은 술집이 있을까?,저녁,홍대,분위기
서울 근교로 드라이브 갈만한 곳 있나요?,없음,서울,드라이브 코스
서울 근교에 괜찮은 펜션 좀 알려줘!,없음,서울,펜션
요즘 볼만한 영화 뭐 있어?,없음,전국,영화
성수동 카페거리에서 분위기 좋은 카페를 찾고 있습니다. 괜찮은 곳 있으면 추천 부탁드려요.,없음,성수동 카페거리,분위기 좋은 카페
이태원 맛집 추천해 주세요.,없음,이태원,없음
강남역 주변 가성비 좋은 식당이 어디있을까요?,없음,강남역,가성비가 좋은 식당
서울에서 가볼만한 곳 있을까요?,없음,서울 전역,"여행지, 관광지 등"
강남쪽에 분위기 좋고 조용한 술집 좀 알려주세요~,저녁,강남구,분위기 좋고 조용한 술집
강남역 주변에 괜찮은 맛집 있나요?,없음,강남역,양식
서울 근교 드라이브 코스 좀 찾아줘.,없음,서울,드라이브 코스
강남역 근처 맛집을 알려주세요.,저녁,강남역,없음
강남역 주변에 괜찮은 횟집 추천해주세요.,없음,강남역,횟집
강남역 근처에 혼밥하기 좋은 식당이 있나요?,없음,강남역,혼밥 가능한 곳
강남역 주변에 괜찮은 한식집 있을까요?,없음,강남역,한식
압구정로데오역에 있는 도산공원 카페 중 분위기 좋은 곳 알려주세요.,없음,압구정로데오역,디저트카페
홍대입구역 근처의 괜찮은 술집을 알려줘.,저녁,홍대입구역,괜찮은 술집
건대입구역에서 분위기 좋고 안주가 맛있는 술집 알려주세요.,저녁,건대입구역,"분위기, 안주"
혹시 강남구청역 주변에 맛집이 있을까요?,없음,강남구청역,없음
홍대근처 맛집 추천해주세요.,없음,홍대,없음
강남역 주변에서 회식할만한 곳이 있을까요?,없음,강남역,회식 장소
이태원에서 분위기 좋은 바 추천해주세요.,없음,이태원,분위기 좋은 바
홍대입구역 근처에 늦게까지 하는 카페 있나요?,없음,홍대입구역,늦게까지 영업하는 카페
제주도 여행갈 때 가볼만한 곳이 어디가 있을까요?,없음,제주도,가볼만한 곳
전주에 가면 뭘 먹어야 하나요?,없음,전주,전주의 명물
홍대입구역 근처에 브런치를 먹을 수 있는 카페가 있을까요?,점심,홍대입구역,브런치
점심에 뭐 먹지?,점심,서울,없음
홍대입구역 근처에 맛있는 파스타집 있나요?,없음,홍대입구역,맛있는 파스타집
강남역 주변에 파스타집 어디가 좋아?,저녁,강남역,파스타
강남역에서 친구들이랑 가기 좋은 술집 좀 추천해주세요!,저녁,강남역,술집
잠실새내에서 친구들이랑 갈만한 술집 있나요?,저녁,잠실새내,"4인 이상, 안주가 맛있는 곳"
"이번주 주말에 친구들이랑 놀러갈건데, 서울에서 가볼만한 곳 추천해주세요.",없음,서울,가볼만한 곳
이태원역 근처에 혼밥하기 좋은 곳 알려줘.,없음,이태원역,혼밥하기 좋은 곳
부산에 놀러갈건데 회랑 조개구이 맛있는 집 알려주세요!,없음,부산,"회, 조개구이가 맛있는 곳"
주말에 친구들이랑 갈만한 분위기 좋은 레스토랑 추천해주세요.,없음,이태원,분위기 좋은 레스토랑
여기서 가장 가까운 맛집을 찾아줘.,없음,없음,없음
점심 뭐 먹지?,점심,없음,없음
강남역에서 소개팅하는데 분위기 좋은 레스토랑 있을까요?,없음,강남역,분위기 좋은 레스토랑
강남역 주변에 회식하기 좋은 고깃집 알려줘.,없음,강남역,회식하기 좋은 고깃집
성수역 근처 분위기 좋은 카페 추천해주세요.,없음,성수역,분위기 좋은 카페
강남역 주변에 괜찮은 술집이 어디지?,저녁,강남역,"술, 안주"
지금 날씨에 입기 좋은 옷이 뭐가 있을까요?,아침,서울,봄옷
을지로3가역 근처에 혼자 밥먹기 좋은 곳 있나요?,없음,을지로3가역,혼자 밥먹기 좋아야 함
강남역 주변에 브런치 괜찮은 곳 있나요?,점심,강남역,브런치
서울대학교 기숙사 식당은 어떻게 이용하나요?,없음,서울대학교 관악캠퍼스,없음
홍대입구역 근처에 분위기 좋은 카페 있을까요?,없음,홍대입구역,분위기 좋은 카페
강남역에서 혼밥할만한 식당 추천해주세요.,없음,강남역,혼밥
부산 여행지 추천해주세요!,없음,부산,없음
홍대입구역 근처에 혼밥하기 좋은 맛집을 알고 싶어요.,없음,홍대입구역,혼밥
강남역에서 제일 맛있는 고기집이 어디야?,없음,강남역,고기를 파는 곳
내일 저녁은 뭘 먹을까?,저녁,없음,없음
혹시 한양대 주변에 파스타 맛있게 하는 집 아는 사람 있니?,없음,한양대학교,파스타
왕십리역 근처에 분위기 좋은 카페 있나요?,없음,왕십리역,분위기 좋은 카페
강남역 주변에 괜찮은 술집 추천해줘.,저녁,강남역,괜찮은 술집
강남쪽에 맛있는 고기집 알려주세요.,점심,강남,고기
강남역 주변에 맛있는 고깃집 좀 알려 주세요.,점심,강남역,고기
강남역 근처에 분위기 좋은 카페가 있을까요? 추천해주세요.,없음,강남역,분위기 좋은 카페
서울역 근처 맛집을 알려주세요.,저녁,서울역,없음
강남구청역 주변에 혼밥하기 좋은 곳 있나요?,없음,강남구청역,혼밥
강남역 주변의 분위기 좋은 레스토랑 추천해주세요.,없음,강남역,분위기가 좋아야 함
점심으로 뭘 먹어야 잘 먹었다고 소문이 날까?,점심,없음,없음
경복궁 주변 파스타집 추천해주세요.,없음,경복궁,파스타
강남역 근처에 괜찮은 술집 있나요?,저녁,강남역,술집
강남역 근처에 괜찮은 레스토랑을 찾고 있어요. 도와주세요.,저녁,강남역,괜찮은 레스토랑
강남역에 분위기 좋은 술집 있나요?,저녁,강남역,분위기 좋은 술집
홍대입구역 근처에 분위기 좋은 술집 알려주세요!,저녁,홍대입구역,분위기 좋은 술집
이 세상에서 가장 맛있는 음식은 무엇인가요?,없음,없음,없음
강남구청역 주변에 맛집 알려주세요~,없음,강남구청역 근방,없음
오늘 저녁은 뭘 먹을까?,없음,없음,없음
서울 근교 드라이브 코스 추천해줘.,없음,서울,없음
주말에 가족들과 갈만한 서울 근교의 고깃집 알려줘.,없음,서울,고깃집
종로 쪽에 괜찮은 이자카야 있을까요?,없음,종로구,이자카야
이번 주말에 친구들과 함께 갈만한 분위기 좋은 레스토랑을 알려주세요.,저녁,서울,레스토랑
오늘 점심은 뭐먹지?,점심,없음,없음
강남구청역 근처 맛집 알려주세요!,없음,강남구청역,없음
강남역 주변의 괜찮은 식당 좀 알려줘!,점심,강남역,없음
강남구청역 주변에서 점심 먹을만한 곳 있나요?,없음,강남구청역,없음
친구들이랑 놀러갈만한 곳 추천해주세요.,없음,서울,당일치기로 다녀올 수 있는 곳
인천공항 주변에 호텔이 많이 있나요?,없음,인천공항,호텔
이태원에 분위기 좋은 레스토랑 추천해주세요.,없음,이태원,분위기 좋은 레스토랑
한양대 주변 혼밥하기 좋은 곳 있나요?,없음,한양대학교,혼밥
서울 근교 드라이브 코스 추천해주세요.,없음,서울,드라이브코스
내일 아침 7시에 문 여는 식당 알려줘.,아침,없음,영업 중인 식당
광화문역 주변 맛집 좀 알려줘!,없음,광화문역,없음
여기서 제일 가까운 편의점이 어디야?,없음,없음,가장 가까운 편의점 위치
왕십리역 주변 고기맛집 좀 알려주세요!!,없음,왕십리역,없음
강남역 주변에 분위기 좋은 카페 어디가 있을까요?,없음,강남역,분위기 좋은 카페
요즘 뜨는 맛집을 알려주세요.,없음,없음,없음
홍대입구역에서 가까운 맛집 추천해주세요.,없음,홍대입구역,가까움
서울 근교로 드라이브 갈만한 곳이 어디있을까요?,없음,서울,드라이브
이태원에서 가장 인기있는 피자 가게는 어디인가요?,점심,이태원,피자가게
압구정로데오 쪽에 분위기 좋은 술집이 있나요?,저녁,압구정로데오,분위기 좋은 술집
강남역 근처에서 혼자 밥먹기 좋은곳 있나요?,없음,강남역,혼밥하기 좋은 장소
오늘 점심은 뭐 먹지?,없음,없음,없음
홍대입구역에서 가까운 곳으로 점심 먹을만한 곳 있나요?,없음,홍대입구역,없음
강남역근처 파스타집 맛있는곳 알려주세요~,없음,강남역,파스타
오늘 저녁은 뭐먹지?,없음,없음,없음
내일 점심으로 뭐 먹을까?,점심,없음,없음
오늘 점심은 뭐 먹지?,점심,없음,없음
홍대입구역 근처에서 점심으로 혼밥하기 좋은 식당 알려주세요.,점심,홍대입구역,혼밥
강남역 주변에서 점심 먹을만한 곳 있나요?,점심,강남역,없음
내일 점심 뭐 먹지?,점심,없음,없음
건대쪽에 맛있는 중국집이 어디야?,점심,건대입구역,중국집
강남역에서 소개팅하기 좋은 곳 있나요?,없음,강남역,소개팅
왕십리역 주변 혼밥하기 좋은 곳 알려주세요.,없음,왕십리역,혼밥
배고픈데 뭘 먹어야 잘 먹었다고 소문이 날까요?,없음,없음,없음
강남역 맛집 추천해주세요.,점심,강남역,없음
이 근처에 괜찮은 식당이 있나요?,저녁,없음,없음
강남역 근처에 괜찮은 술집 있나요?,저녁,강남역,술집
홍대근처에 분위기 좋은 카페나 술집 좀 알려주세요~,저녁,홍대입구역,분위기 좋은 카페/술집
이태원 경리단길 맛집 좀 알려주세요.,없음,이태원 경리단길,없음
이번에 회사에서 회식하는데 괜찮은 고깃집 없나?,없음,강남,고기를 먹을 수 있는 곳
강남역 주변에 회식하기 좋은 곳이 있을까요?,없음,강남역,회식 장소
신사동 가로수길 맛집 추천해주세요.,없음,신사동 가로수길,없음
서울 근교로 당일치기 다녀올만한 곳 추천해주세요.,없음,서울,당일치기 가능한 지역
지금 강남역인데 뭐 먹지?,저녁,강남역,없음
강남역 주변에 가성비 좋은 스테이크집 있나요?,없음,강남역,가성비
종각역 부근 맛집 추천해주세요!,없음,종각역,없음
강남구청역 근처에 분위기 좋은 카페가 있나요?,없음,강남구청역,분위기 좋은 카페
가로수길 맛집 좀 알려주세요~!!,없음,가로수길,없음
강남역 주변에 괜찮은 술집 있나요?,저녁,강남역,술 마실만한 곳
강남역 근처에서 회식할 만한 장소를 찾아줘.,없음,강남역,회식장소
강남역 주변에 맛있는 파스타집 추천해주세요.,없음,강남역,맛있는 파스타
건대에서 친구들이랑 밥먹을건데 어디가 맛있나요?,없음,건대입구역,식당
강남역 근처에 맛있는 파스타집 있나요?,없음,강남역,맛있는 파스타집
서울역근처에서 점심먹을만한곳 알려주세요!,없음,서울역,없음
신촌 주변에 맛있는 중국집 있나요?,없음,신촌,중국집
홍대입구역 점심 먹을 곳 추천해줘.,점심,홍대입구역,없음
서울에서 혼자서 갈만한 맛집 알려주세요~,없음,서울,"혼밥, 혼술 가능한 맛집"
강남역 부근에 분위기 좋은 술집 있나요?,저녁,강남역,분위기 좋은 술집
강남역 주변에 분위기 좋은 레스토랑 있나요?,없음,강남역,분위기 좋은 레스토랑
서울에서 데이트하기 좋은 곳 알려주세요.,없음,서울 전역,데이트 장소
"오늘 오후 3시에 강남역 근처에서 여자친구랑 밥먹을건데, 분위기 좋고 맛있는 식당 좀 추천해줘.",점심,강남역,없음
강남역 근처에 괜찮은 카페 있나요?,없음,강남역,괜찮은 카페
홍대입구역 근처에 혼자서 갈만한 술집 있나요?,저녁,홍대입구역,혼술 가능한 곳
성수동 카페거리에서 커피 마시기 좋은 곳 찾아줘.,없음,서울시 성동구,커피 마시기 좋은 곳
합정역 쪽에 맛있는 파스타집이 있나요?,없음,합정역,파스타
서울 강남역 근처 맛집 좀 알려줄래?,없음,서울 강남역,없음
강남역 주변에 소개팅 하기 좋은 곳이 어디있을까요?,없음,강남역,소개팅
다음주 화요일 저녁에 갈만한 연남동 레스토랑 추천해줘.,없음,연남동,예약 가능 여부 확인 필요
강남역 근처에 분위기 좋은 술집 있나요?,저녁,강남역,분위기 좋은 술집
강남역 근처에 점심으로 먹기 좋은 곳이 어디가 있을까요?,점심,강남역,없음
이 근방에 괜찮은 카페 있나요?,없음,신사동 가로수길,커피를 마실 수 있는 곳
강남역 주변에 분위기 좋은 레스토랑을 찾고 있어요. 어디가 좋을까요?,저녁,강남역,분위기 좋은 레스토랑
홍대입구역 근처에 맛있는 라멘집 추천해주세요.,없음,홍대입구역,라멘
성수동 맛집 추천해주세요.,없음,성수동,없음
이태원 경리단길 맛집 추천해주세요.,없음,이태원 경리단길,없음
홍대에서 가장 유명한 클럽은 어디야?,없음,홍대입구역 근방,클럽
강남역 주변에 분위기 좋고 조용한 식당 있을까요?,저녁,강남역,데이트 코스
홍대에서 친구랑 밥먹을건데 어디가 좋을까요?,없음,홍대,없음
홍대입구역 근처에 분위기 좋은 술집 추천해주세요.,저녁,없음,분위기 좋은 술집
홍대입구역에서 가까운 초밥집 추천해주세요.,점심,홍대입구역,초밥
"제주도 여행 계획중인데, 가볼만한 곳이 있을까요?",없음,제주도,관광지
서울에서 가장 유명한 떡볶이집은 어디인가요?,없음,서울,떡볶이
서울에서 놀만한 곳 좀 알려주세요~,없음,서울,놀만한 곳
"부산 해운대에 놀러가는데, 분위기 좋은 레스토랑 추천해주세요.",없음,부산 해운대,분위기 좋은 레스토랑
홍대나 합정쪽에 분위기 좋은 술집 있나요?,저녁,홍대,분위기 좋은 술집
제주도 여행코스 좀 짜주세요.,없음,제주도,없음
가로수길에서 제일 맛있는 음식점이 어디야?,없음,가로수길,없음
서울 근교로 드라이브 갈만한 곳 추천해주세요.,없음,서울,드라이브
"성수동 카페거리를 가보고 싶은데, 괜찮은 곳이 어디인가요?",없음,성수동 카페거리,분위기가 좋아야 함
강남역 주변에 가성비 좋은 초밥집 있나요?,없음,강남역,가성비 좋은 초밥집
가로수길에서 분위기 좋고 맛있는 레스토랑을 찾고 있어요.,없음,가로수길,없음
성수동 카페거리 중 분위기 좋은 브런치카페 있나요?,없음,성수동 카페거리,브런치카페
서울역 근처에 가성비 좋은 술집 있나요?,저녁,서울역,가성비 좋은 술집
강남역 맛집 추천해주세요!,없음,강남역,없음
오늘 저녁은 뭐 먹지?,저녁,없음,없음
주말에 친구들과 함께 갈만한 맛집을 추천해주세요.,없음,없음,없음
가로수길 술집 분위기 좋은 곳 알려주세요!,저녁,가로수길,술집
이태원 쪽에 분위기 좋은 레스토랑 있나요?,없음,이태원,분위기가 좋아야 함
서울에서 가장 맛있는 빵집은 어디인가요?,없음,서울,빵이 맛있는 곳
서울역 근처에 괜찮은 호텔 좀 찾아봐줘.,없음,서울역,괜찮은 호텔
"지금 서울에 놀러왔는데, 여기서 가장 핫한 곳은 어디야?",없음,서울,없음
강남역 근처에 맛있는 돈까스집 좀 알려주세요.,없음,강남역,맛있는 돈까스
이 근처에 맛있는 초밥집 있나요?,없음,없음,초밥
이태원이나 한남동 쪽으로 와인바 추천 좀 해주세요!!,없음,이태원,와인바
이태원에서 분위기 좋고 맛있는 레스토랑 추천해주세요.,없음,이태원,"분위기, 맛"
홍대입구역 근처에 분위기 좋은 카페 있나요?,없음,홍대입구역,분위기 좋은 카페
강남구청역 쪽에 괜찮은 카페가 있을까요?,없음,강남구청역,괜찮은 카페
제주도 여행코스좀 짜주세요.,없음,제주도,없음
혹시 서울대학교 주변에 괜찮은 술집 있나요?,저녁,서울대학교,술집
점심으로 먹을 만한 맛있는 한식집 추천해주세요.,점심,없음,한식
강남에서 회식장소로 괜찮은 고깃집 알려줘!,저녁,강남,회식장소
서울 근교 여행지 추천해주세요.,없음,서울,없음
내일 점심으로 먹을만한 메뉴를 추천해줘.,없음,성수동,없음
서울 근교 드라이브 코스 어디가 좋을까요?,없음,서울,드라이브 코스
저녁으로 먹을 만한 것 좀 추천해 주세요.,저녁,없음,없음
혹시 왕십리에서 곱창 맛있게 하는 집 아세요?,없음,왕십리,곱창
제주도에서 흑돼지를 먹을 수 있는 맛집을 알고 있나요?,없음,제주도,흑돼지
강남역 주변에 초밥집 괜찮은데 있을까요?,없음,강남역,초밥
이번에 제주도 가는데 어디가 좋을까?,없음,제주도,없음
홍대에서 데이트 할만한 곳 있나요?,없음,홍대,데이트
친구들이랑 술 한잔 하기 좋은 술집 알려주세요.,저녁,없음,소주 마시기 좋은 곳
홍대입구역 근처의 괜찮은 카페를 알려주세요.,없음,홍대입구역,커피가 맛있는 곳
오늘 점심은 뭘 먹을까요?,점심,없음,없음
가로수길 카페 중에 괜찮은 곳 있나요?,없음,가로수길,카페
점심으로 먹을 만한 메뉴 추천해줘.,점심,없음,없음
강남구청역 점심 먹을만한 곳 있을까요?,없음,강남구청역,없음
강남역 근처에 소개팅하기 좋은 레스토랑 추천해주세요.,없음,강남역,소개팅하기 좋은 레스토랑
인천공항 가는 길에 맛있는 식당이 있을까요?,없음,인천공항,없음
강남역에 맛있는 파스타집 있나요?,없음,강남역,맛있는 파스타집
홍대입구역 주변의 가성비 좋은 초밥집 추천해주세요.,없음,홍대입구역,가성비가 좋아야 함
강남역에서 친구들과 술 마시기 좋은 곳 어디야?,저녁,강남역,술 마시기 좋은 곳
이태원 분위기 좋은 레스토랑 추천해주세요!,없음,이태원,분위기 좋은 레스토랑
강남역 근처에 파스타 맛있는 집 좀 알려주세요.,없음,강남역,파스타
건대입구역 주변에 혼밥하기 좋은 식당 알려주세요.,없음,건대입구역,혼밥
이태원 경리단길 카페 어디가 좋아?,없음,이태원 경리단길,카페
내일 점심은 뭘 먹을까요?,없음,없음,없음
한양대 근처 매란방이랑 금룡말고 맛있는 짜장면집 있나요?,없음,한양대,중국집
저녁으로 치킨 먹을까 피자 먹을까?,저녁,없음,치킨과 피자 중 선택
강남역 주변에 혼자서 밥먹기 좋은 곳이 있을까요?,없음,강남역,혼자서 밥먹기 좋은 곳
강남역 맛집 알려주세요!!,없음,강남역,없음
가로수길에 맛있는 파스타집 있나요?,점심,가로수길,파스타
제주도에서 꼭 먹어야할 음식은 무엇인가요?,없음,제주도,없음
소개팅 장소로 어디가 좋을까요?,없음,강남구,소개팅
분위기 좋은 레스토랑이나 와인바가 있을까요?,저녁,가로수길,"분위기 좋은 레스토랑, 와인바"
강남역 주변에 맛있는 초밥집 있나요?,없음,강남역,초밥
역삼역 점심 메뉴 추천해줘.,없음,역삼역,없음
내일 저녁 메뉴 추천 받습니다!,저녁,없음,없음
내일 저녁 메뉴 추천해주세요.,저녁,없음,없음
지금 강남인데 뭐 먹을까?,없음,서울특별시 강남구,없음
강남역 주변에 소개팅하기 좋은 레스토랑을 찾아줘.,없음,강남역,소개팅
강남역 근처에 혼밥하기 좋은 곳 있나요?,없음,강남역,혼밥
제주도에서 흑돼지를 먹을 수 있는 맛집은 어디가 좋을까요?,없음,제주도,흑돼지
저녁에 먹을만한 거 추천해주세요.,저녁,없음,없음
"신촌, 홍대쪽 분위기 좋은 레스토랑 추천해 주세요~",없음,신촌,분위기 좋은 레스토랑
내일은 날씨가 어떨까요?,없음,없음,날씨
"을지로 양식, 한식 맛집 추천 부탁드려요!",없음,을지로,양식 또는 한식
건대입구쪽에 분위기 좋은 술집 좀 알려주세요.,저녁,건대입구,분위기 좋은 술집
홍대입구역 부근 카페나 디저트집 추천해주세요!,없음,홍대입구역,"카페, 디저트"
강남역 근처에 점심 먹기 좋은 한식집 찾아줘.,점심,강남역,한식당
홍대입구역 주변 괜찮은 카페 추천해주세요.,없음,홍대입구역,카페
"지금 강남역인데, 이 근처에 괜찮은 술집 있어?",저녁,강남역,괜찮은 술집
강남구청역 근처 혼밥하기 좋은 곳 있나요?,없음,강남구청역,혼밥
한양대 앞 식당 중 가장 맛있는 집이 어디야?,점심,한양대학교,맛
내일 점심은 뭐 먹을까?,없음,없음,없음
강남역 근처에서 혼자 밥먹기 좋은 곳을 알려주세요.,없음,강남역,혼밥하기 좋은 장소
종로3가에서 가까운 분위기 좋은 술집 추천해줘.,저녁,종로3가,분위기 좋은 술집
서울역 근처 점심 먹을만한 곳 있나요?,없음,서울역,없음
강남구청역 근처 점심먹을만한 곳 추천해주세요!,없음,강남구청역,없음
강남역 주변에 맛집이 어디야?,점심,강남역,없음
서울에 있는 맛있는 집은 어디가 있을까요?,없음,서울,맛있음
강남역 근처에 맛집 좀 알려줘.,없음,강남역,없음
강남역 주변에 혼밥하기 좋은 식당을 추천해주세요.,없음,강남역,혼밥
강남역에서 분위기 좋고 조용한 술집 좀 알려줘.,저녁,강남역,분위기 좋고 조용한 술집
홍대 근처에 분위기 좋은 술집 추천해주세요.,저녁,마포구,분위기 좋은 술집
홍대입구역 근처에 맛집 있나요?,없음,홍대입구역,없음
오늘 저녁 뭐먹지?,없음,없음,없음
강남역 주변에 괜찮은 카페가 있나요?,없음,강남역,카페
고기가 맛있는 집으로 추천해주세요.,점심,강남역,고기
강남역 주변에 맛집 추천해주세요~,없음,강남역,없음
서울 근교 드라이브 코스 추천해주세요.,없음,서울,없음
혹시 서울에서 제일 맛있는 빵집이 어딘가요?,없음,없음,빵
서울 근교로 여행갈 만한 곳이 어디있을까요?,없음,서울,없음
강남역에 분위기 좋은 레스토랑 추천해주세요.,없음,강남역,분위기가 좋아야 함
강남역에서 소개팅할 때 갈만한 레스토랑 좀 추천해 주세요.,없음,강남역,"소개팅, 레스토랑"
홍대입구역 근처에 혼밥하기 좋은 식당 있나요?,없음,홍대입구역,혼밥하기 좋은 식당
홍대나 신촌 쪽에 분위기 좋은 술집 있나요?,저녁,홍대,분위기 좋은 술집
강남역에서 데이트하기 좋은 식당 추천해주세요~,저녁,강남역,"데이트, 맛집"
서울역 근처에 괜찮은 식당 없을까?,없음,서울역,없음
강남역 주변에 괜찮은 레스토랑 좀 알려줘.,없음,강남역,괜찮은 레스토랑
주말에 갈만한 분위기 좋은 카페를 찾아줘.,없음,없음,없음
서울에서 유명한 초밥집 추천해주세요!,없음,없음,초밥
오늘 점심은 뭐 먹지?,점심,없음,없음
강남역 근처에 가성비 좋은 고깃집이 있을까요?,점심,강남역,가성비 좋은 고깃집
종로3가 쪽에 가성비 좋은 고기집 알려주세요.,없음,종로3가,가성비 좋은 고기집
서울에 분위기 좋은 레스토랑 추천해주세요.,점심,서울,분위기 좋은 곳
강남에서 놀만한곳좀 알려주세요!,없음,강남,놀만한 곳
홍대입구역 주변에 맛있는 파스타집 있나요?,없음,홍대입구역,맛있는 파스타집
홍대에서 유명한 맛집을 알려주세요.,없음,홍대입구역,없음
서울 근교로 놀러갈만한 곳 추천해주세요!,없음,서울,놀러갈만한 곳
홍대에 맛있는 집 어디있어요?,없음,홍대,없음
강남역 주변에 맛있는 곳 있나요?,없음,강남역,없음
혹시 건대 주변에 술집 추천해주실만한 곳 있나요?,저녁,건대입구역,술집
강남역 근처에 괜찮은 술집 있나요?,저녁,강남역,분위기 좋은 곳
홍대입구역 근처에 마라탕집 맛있는 곳 있나요?,없음,홍대입구역,마라탕
강남역 주변에 점심 먹을만한 곳 있나요?,없음,강남역,없음
건대나 성수 근처에 맛있는 국밥집 있을까요?,없음,건대,국밥
홍대쪽에 분위기 좋고 조용한 카페 있을까요?,없음,홍대,분위기 좋고 조용한 카페
건대입구쪽에 괜찮은 술집이 있나요?,저녁,건대입구 쪽,술집
오늘 날씨가 참 좋네. 이런 날에는 어디 놀러가야 하는데 말이야.,없음,없음,없음
강남역 주변에 분위기 좋은 술집 있나요?,저녁,강남역,분위기 좋은 술집
강남역 근처 분위기 좋은 레스토랑을 알고 싶어요.,저녁,강남역,분위기 좋은 레스토랑
서울역 근처 혼밥하기 좋은 식당 알려주세요.,점심,서울역,혼밥하기 좋은 식당
강남역 근처에 혼자서 먹을만한 밥집이 있을까요?,없음,강남역,혼자서 먹을 수 있어야 함
내일 저녁 8시에 신촌에서 술 마실 건데 안주가 맛있는 술집 좀 추천해줘.,저녁,신촌,안주가 맛있는 술집
홍대입구역 부근의 카페 중 괜찮은 곳 있나요?,없음,홍대입구역,"커피, 디저트"
강남역 주변에 소개팅하기 좋은 레스토랑이 있나요?,저녁,강남역,소개팅 장소
강남역에서 친구들이랑 갈만한 분위기 좋은 레스토랑 추천해줘.,점심,강남역,분위기 좋은 레스토랑
강남구청역 근처에 괜찮은 파스타집 있나요?,없음,강남구청역,파스타
가로수길 근처에 분위기 좋은 카페 있나요?,없음,가로수길,분위기 좋은 카페
서울역 근처에 괜찮은 횟집 있으면 추천해주세요.,없음,서울역,횟집
강남역 주변에 맛있는 중국집 알려주세요.,없음,강남역,중식
성수동 수제버거집 중 가장 맛있는 곳이 어디야?,없음,성수동,수제버거
요즘 유행하는 옷 스타일이 뭐야?,없음,없음,유행하는 옷 스타일
강남역 주변에 분위기 좋은 레스토랑 있나요?,없음,강남역,분위기 좋은 레스토랑
홍대입구역 근처에 괜찮은 술집 있나요?,저녁,홍대입구역,괜찮은 술집
강남역에 분위기 좋은 술집 추천해주세요!,저녁,강남역,분위기 좋은 술집
강남구청역 주변에 괜찮은 중국집 좀 알려주세요~,없음,강남구청역,중국집
강남역 주변에 분위기 좋은 카페 어디가 있을까요?,없음,강남역,분위기 좋은 곳
저녁으로 뭘 먹을까?,없음,없음,없음
강남역에서 소개팅하기 좋은 레스토랑 있나요?,없음,강남역,소개팅
강남역 주변에 분위기 좋은 레스토랑 추천해주세요.,없음,강남역,분위기가 좋아야 함
홍대에서 맛있는 파스타집 알려주세요!,없음,홍대,맛있는 파스타집
지금 날씨에 어울리는 옷 좀 추천해줄래?,없음,서울,계절에 맞는 옷
지금 홍대쪽으로 가고 있는데 혹시 맛집 추천해주실 수 있나요?,없음,홍대,없음
홍대입구역 쪽에 분위기 좋고 조용한 술집 있나요?,저녁,홍대입구역,분위기 좋고 조용한 술집
여기서 가까운 곳에 괜찮은 식당 있나요?,없음,없음,없음
내일 아침 일찍 문 여는 카페 알려줘.,아침,없음,일찍 문 여는 곳
강남역 주변에서 혼밥하기 좋은 식당 좀 알려줘~,없음,강남역,혼밥
서울 근교 당일치기 여행지 추천해주세요.,없음,서울,당일치기
가로수길에서 유명한 디저트 가게는 어디인가요?,없음,가로수길,디저트 가게
강남역에서 소개팅 할 만한 장소가 있나요?,없음,강남역,소개팅 하기 좋은 곳
오늘 저녁 메뉴는 무엇인가요?,없음,없음,없음
강남역 근처에 혼밥하기 좋은 식당 있나요?,없음,강남역,혼밥하기 좋은 식당
서울에서 맛있는 파스타집을 추천해주세요.,없음,서울,파스타
강남역에서 점심으로 먹을만한 혼밥 식당 추천해주세요.,없음,강남역,혼밥식당
서울 근교로 드라이브 갈만한 곳이 있을까요?,없음,서울,드라이브
홍대에 맛있는 집 좀 알려주세요!,없음,홍대,없음
서울 근교로 드라이브 할 만한 곳이 어디있을까요?,없음,서울,드라이브
홍대입구역에서 합정역 사이에 있는 카페 중에 괜찮은 곳 있나요?,없음,홍대입구역~합정역 사이,카페
신사동 가로수길 주변에 분위기 좋은 카페 있나요?,없음,가로수길,분위기 좋은 카페
오늘 저녁 메뉴로 피자와 치킨 중 어떤 걸 먹을까?,저녁,없음,피자 vs 치킨
강남역 주변에 맛있는 고기집 있나요?,점심,강남역,고기
요즘 핫한 맛집이 어디야?,없음,없음,없음
오늘 저녁 뭐 먹지?,없음,없음,없음
여자친구랑 데이트 하는데 좋은 곳 없을까요?,없음,없음,없음
지금 있는 곳이 어디야?,없음,없음,없음
서울역 주변으로 혼밥하기 좋은 곳 있나요?,없음,서울역,혼밥 가능한 식당
"서울 근교로 드라이브를 가려고 하는데, 경치 좋고 맛집이 많은 곳은 어디일까요?",없음,서울,없음
지금 강남인데 뭐 먹을까?,없음,강남,없음
양재역 주변에 괜찮은 스시집 있을까요?,없음,양재역,스시
성수동 수제화 거리의 구두 가게 중 가장 유명한 곳은 어디인가요?,없음,성수동,구두 가게
서울대학교 앞에 분위기 좋은 카페 좀 알려주세요.,없음,서울대학교 앞,분위기 좋은 카페
홍대입구역 근처의 괜찮은 카페를 알려주세요.,없음,홍대입구역,카페
내일 오전 10시쯤에 갈만한 카페 알려줘.,아침,없음,커피를 마실 수 있는 곳
제주도 여행지 추천해주세요.,없음,제주도,없음
강남역 근처에서 가성비 좋은 파스타집 추천해줘.,점심,강남역,가성비가 좋은 곳
이태원에서 가장 핫한 클럽이 어디인가요?,없음,이태원,요즘 가장 핫한 클럽
가로수길에서 점심 먹기 좋은 곳 추천해줘~,점심,가로수길,없음
내일 점심으로 먹기 좋은 식당 좀 알려줄래?,점심,강남역,없음
여기 맛집이 어디야?,없음,없음,없음
강남구청역쪽에 괜찮은 초밥집 추천해주세요.,없음,강남구청역,초밥집
가로수길에 맛있는 집 추천해주세요.,점심,신사동 가로수길,맛이 중요함
홍대입구역 근처 맛집을 알고 싶어요.,저녁,홍대입구역,없음
강남역 근처에 분위기 좋은 카페 있나요?,없음,강남역,분위기 좋은 카페
"강남역 주변에 분위기 좋은 술집을 찾고 있는데, 어디가 좋을까요?",저녁,강남역,분위기 좋은 술집
서울역 근처에 혼밥하기 좋은 식당 알려주세요.,없음,서울역,혼밥하기 좋은 식당
사당역에서 저녁먹을건데 추천좀 해주세요!,없음,사당역,없음
강남에서 분위기 좋고 맛도 있는 레스토랑 추천해주세요.,없음,강남,분위기 좋고 맛도 있는 레스토랑
"신촌, 홍대 부근의 저렴한 파스타집 추천해주세요.",점심,신촌,저렴함
신촌근처 맛있는 치킨집 알려주세요~,없음,신촌,치킨
가로수길에 분위기 좋은 와인바 추천해주세요.,저녁,신사동 가로수길,분위기 좋은 와인바
서울역 근처에 괜찮은 식당이 어디있을까요?,없음,서울역,괜찮은 식당
서울에서 가장 맛있는 삼겹살집은 어디일까?,저녁,서울,삼겹살
홍대에서 데이트할만한곳 있나요?,없음,홍대,데이트장소
강남역 맛집 중에 소개팅하기 좋은 곳 있을까요?,저녁,강남역,소개팅 장소
가로수길 주변에 괜찮은 카페를 찾고 있어요.,없음,가로수길,"커피, 디저트"
오늘 점심은 뭘 먹을까?,점심,없음,없음
강남역 근처에 맛있는 곱창집 있나요?,저녁,강남역,곱창
어디서 뭘 먹을까?,없음,없음,없음
대구 동성로 쪽에 분위기 좋은 레스토랑이나 카페 알려주세요.,없음,대구 동성로,"분위기 좋은 레스토랑, 카페"
저녁 메뉴 추천해줘.,저녁,없음,없음
왕십리역 주변 카페 추천해주세요~,없음,왕십리역,카페
신림동 순대타운에서 백순대볶음 제일 맛있는 집 알려줘.,없음,신림동 순대타운,백순대볶음
서울시 중구 을지로0가 쪽에 있는 호텔 뷔페 좀 알려주세요!,없음,을지로,호텔 뷔페
강남역 주변의 분위기 좋은 레스토랑을 추천해주세요.,없음,강남역,분위기 좋은 레스토랑
오늘은 날씨가 쌀쌀하니 따뜻한 국물이 먹고 싶어요. 어디서 먹을까요?,점심,을지로,따뜻한 국물 요리
저녁으로 먹을만한 거 추천해주세요.,없음,없음,없음
서울 근교의 분위기 좋은 레스토랑을 찾아줘.,없음,서울,분위기가 좋아야 함
홍대에 있는 분위기 좋은 레스토랑을 알려줘.,저녁,홍대,분위기 좋은 레스토랑
서울 근교에 당일치기로 갈만한 곳 있나요?,없음,서울,당일치기
대학로나 혜화 쪽에 분위기 좋은 술집 추천해주세요.,저녁,대학로,분위기 좋은 술집
서울역 맛집 알려주세요!,없음,서울역,없음
나한테 어울리는 옷 좀 골라줘!,없음,강남역 지하상가,패션
홍대에서 소개팅할만한 장소 추천해주세요.,없음,홍대,소개팅
혹시 이 근처에 맛집이 있을까요?,없음,없음,없음
서울에서 가성비 좋은 뷔페를 추천해주세요.,점심,서울,가성비가 좋아야 함
사당역 쪽에 회식하기 좋은 곳 있을까요?,없음,사당역,회식장소
강남역이나 신논현역 쪽에 분위기 좋은 술집 있을까요?,저녁,강남역,분위기 좋은 술집
홍대에 괜찮은 술집 있어?,저녁,홍대,술집
신촌이나 홍대 쪽에 괜찮은 카페 추천해주세요!,없음,신촌,카페
강남역 주변에 가성비 좋은 술집 어디가 있을까요?,저녁,강남역,가성비 좋은 술집
강남구청역 근처에 분위기 좋은 레스토랑 있을까요?,없음,강남구청역,분위기 좋은 레스토랑
서울 근교로 드라이브 갈만한 곳 알려줘.,없음,서울,드라이브
서울 근교 드라이브 코스를 알려주세요.,없음,서울,드라이브 코스
건대입구역에서 가까운 곳 중에 맛집이 어디있을까요?,없음,건대입구역,없음
대전 서구 둔산동 주변에 회식장소로 적합한 곳이 있나요?,없음,둔산동,회식장소
오늘 저녁은 뭐 먹을까?,없음,없음,없음
강남역 근처에 있는 양꼬치집 중에 맛있는 곳 알려주세요.,없음,강남역,양꼬치
여자친구 생일인데 분위기 좋은 레스토랑 추천해주세요.,없음,서울시 내,분위기 좋은 레스토랑
서울역 근처 혼밥하기 좋은 곳 알려주세요~,없음,서울역,혼밥 가능한 곳
여의도 ifc몰 주변 점심먹을만한 곳 추천부탁드립니다.,점심,여의도 IFC몰,없음
점심으로 간단히 먹을 수 있는 메뉴 추천해주세요.,점심,없음,없음
강남역 주변에 맛있는 식당 있나요?,없음,강남역,없음
강남역 근처에 조용한 카페 좀 추천해주세요.,없음,강남역,조용한 카페
"친구랑 같이 점심에 피자를 먹으려고 하는데, 어디가 좋을까요?",점심,을지로,피자
강남역에서 분위기 좋은 술집 알려주세요~,저녁,강남역,분위기 좋은 술집
강남역 근처에 혼밥하기 좋은 곳 추천해주세요.,없음,강남역,혼밥하기 좋은 곳
강남역에서 점심으로 먹기 좋은 음식점 추천해주세요.,점심,강남역,없음
서울역 근처 맛집 알려주세요.,없음,서울역,없음
이태원이나 강남쪽에 와인바 추천해주세요.,없음,이태원,와인바
강남역에서 점심 먹을만한 곳이 어디있을까요?,점심,강남역,없음
건대입구역 주변에 괜찮은 횟집 있나요?,없음,건대입구역,괜찮은 횟집
홍대에서 점심먹을만한곳좀 알려주세요~,점심,홍대,없음
서울 근교로 드라이브 갈만한 곳 있나요?,없음,서울,드라이브 코스
점심은 어디서 먹을까?,점심,없음,없음
주말에 여자친구랑 데이트하러 가기 좋은 곳 알려줘.,없음,서울,연인끼리 놀러가기 좋은 곳
요즘 핫한 카페는 어디인가요?,없음,서울 전역,최근 유행하는 카페
홍대입구역 근처에 맛있는 술집 추천해주세요.,저녁,홍대입구역,없음
여기서 가장 가까운 지하철역이 어디야?,없음,없음,지하철역
"서울 내의 유명한 한식집 중, 혼밥하기 좋은 곳을 알려주세요.",없음,서울 전역,한식
을지로입구역 근처의 회식장소를 찾아주세요.,저녁,을지로입구역,회식장소
서울에서 혼자 밥먹기 좋은 곳 추천좀 해주세요!,없음,서울 전역,혼밥 가능한 식당
제주도 여행가는데 흑돼지 맛집 좀 알려주세요.,없음,제주도,흑돼지
오늘 저녁에 친구랑 같이 먹을만한 곳 추천해줘.,저녁,서울시 성동구,없음
강남역 주변에 맛집 알려주세요!,없음,강남역,없음
서울 근교로 놀러갈 만한 곳이 있을까요?,없음,서울,없음
여의도 점심식사 할만한 곳 추천 부탁드립니다.,점심,여의도,"한식, 일식, 중식 등"
이태원역 근처 맛집 추천해주세요.,없음,이태원역,없음
오늘 점심 뭐먹지?,없음,서울,없음
가로수길에서 맛있는 파스타집 알려주세요~,없음,가로수길,맛있는 파스타집
우리 집에서 제일 가까운 영화관이 어디야?,없음,없음,없음
강남역 주변의 맛있는 중국집을 알려주세요.,없음,강남역,중국음식점
홍대에서 분위기 좋고 조용한 술집 추천해주세요!,저녁,홍대,"분위기, 조용함"
오늘 저녁은 뭐 먹지?,없음,없음,없음
강남구청역 근처에 회식할만한 곳 있나요?,없음,강남구청역,회식
이태원에서 데이트하려고 하는데 분위기 좋고 맛도 있는 레스토랑 있나요?,없음,이태원,"분위기, 맛"
강남역 주변의 분위기 좋은 레스토랑을 추천해주세요.,없음,강남역,분위기 좋은 레스토랑
강남역 근처에 혼밥하기 좋은 식당이 있을까요?,없음,강남역,혼밥
강남역 맛집 추천해주세요!,없음,강남역,없음
역삼동에서 점심 먹기 좋은 곳이 어디야?,점심,역삼동,없음
강남역 근처에 여자친구랑 가기 좋은 레스토랑 추천해줘.,없음,강남역,여자친구와 함께
강남역에서 소개팅할건데 분위기 좋고 음식 맛있는곳 알려주세요.,없음,강남역,"소개팅, 분위기 좋음, 맛있음"
성신여대 근처에 혼술하기 좋은 맥주집 추천해주세요.,없음,성신여대,혼술하기 좋은 맥주집
강남역 주변 맛집 알려줘.,없음,강남역,없음
홍대에서 제일 맛있는 집이 어디야?,없음,홍대,없음
강남역 근처에 분위기 좋은 술집 추천해주세요.,저녁,강남역,분위기
강남역 근처에 혼밥하기 좋은 식당 알려주세요.,점심,강남역,혼밥 가능한 곳
이태원 분위기 좋은 술집 알려주세요.,저녁,이태원,분위기 좋은 술집
홍대입구역 근처에서 친구들이랑 가기 좋은 술집 추천해주세요.,저녁,홍대입구역,친구들과 함께 가는 곳
홍대에서 점심 먹을만한곳 추천해주세요!,없음,홍대,없음
강남역에서 가까운 맛집이 어디있을까요?,없음,강남역,없음
강남역 근처에 분위기 좋은 레스토랑 있나요?,점심,강남역,분위기 좋은 곳
강남역 근처에 점심으로 괜찮은 밥집 있나요?,점심,강남역,없음
